-- phpMyAdmin SQL Dump
-- version 3.3.9.2
-- http://www.phpmyadmin.net
--
-- Serveur: 127.0.0.1
-- Généré le : Mer 07 Mai 2014 à 18:57
-- Version du serveur: 5.5.10
-- Version de PHP: 5.3.6

SET SQL_MODE="NO_AUTO_VALUE_ON_ZERO";


/*!40101 SET @OLD_CHARACTER_SET_CLIENT=@@CHARACTER_SET_CLIENT */;
/*!40101 SET @OLD_CHARACTER_SET_RESULTS=@@CHARACTER_SET_RESULTS */;
/*!40101 SET @OLD_COLLATION_CONNECTION=@@COLLATION_CONNECTION */;
/*!40101 SET NAMES utf8 */;

--
-- Base de données: `tirage_centre_db`
--
CREATE DATABASE `tirage_centre_db` DEFAULT CHARACTER SET latin1 COLLATE latin1_swedish_ci;
USE `tirage_centre_db`;

-- --------------------------------------------------------

--
-- Structure de la table `bl`
--

CREATE TABLE IF NOT EXISTS `bl` (
  `ID_BL` int(11) NOT NULL AUTO_INCREMENT,
  `NUM_BL` varchar(15) DEFAULT NULL,
  `DATE_BL` varchar(15) DEFAULT NULL,
  `ID_CLIENT` int(11) DEFAULT NULL,
  `NUM_FACTURE` varchar(10) DEFAULT NULL,
  `ETAT_BL` varchar(20) DEFAULT NULL,
  PRIMARY KEY (`ID_BL`)
) ENGINE=InnoDB  DEFAULT CHARSET=latin1 AUTO_INCREMENT=127 ;

--
-- Contenu de la table `bl`
--

INSERT INTO `bl` (`ID_BL`, `NUM_BL`, `DATE_BL`, `ID_CLIENT`, `NUM_FACTURE`, `ETAT_BL`) VALUES
(1, '350', '07/03/2014', 66, NULL, ''),
(2, '350', '07/03/2014', 66, NULL, 'Annulé'),
(3, '350', '07/03/2014', 66, NULL, 'Annulé'),
(4, '350', '07/03/2014', 66, NULL, 'Annulé'),
(5, '360', '07/03/2014', 66, NULL, 'Annulé'),
(6, '360', '07/03/2014', 66, NULL, 'Annulé'),
(7, '360', '07/03/2014', 66, NULL, 'Annulé'),
(8, '554', '10/03/2014', 57, '168/14', 'Facturé'),
(9, '545', '01/03/2014', 43, NULL, 'OUVERT'),
(10, '481', '01/02/2014', 68, NULL, 'OUVERT'),
(11, '461', '21/01/2014', 68, NULL, 'OUVERT'),
(12, '542', '24/02/2014', 68, NULL, 'OUVERT'),
(13, '485', '03/02/2014', 68, NULL, 'OUVERT'),
(14, '471', '03/12/2013', 68, NULL, 'OUVERT'),
(15, '342', '16/11/2013', 68, NULL, 'OUVERT'),
(16, '557', '04/03/2014', 1, NULL, 'Facturé'),
(17, '558', '06/02/2014', 60, NULL, 'OUVERT'),
(18, '560', '05/03/2014', 81, NULL, 'OUVERT'),
(19, '562', '05/03/2014', 61, NULL, 'OUVERT'),
(20, '563', '05/03/2014', 19, NULL, 'Facturé'),
(21, '569', '14/02/14', 44, NULL, 'OUVERT'),
(22, '570', '05/03/2014', 2, NULL, 'OUVERT'),
(23, '572', '06/03/2014', 63, NULL, 'OUVERT'),
(24, '577', '07/03/2014', 60, NULL, 'OUVERT'),
(25, '579', '07/03/2014', 82, NULL, 'Arreté'),
(26, '587', '11/03/2014', 14, NULL, 'OUVERT'),
(27, '588', '11/03/2014', 79, NULL, 'Arreté'),
(28, '590', '13/03/2014', 50, NULL, 'Arreté'),
(29, '592', '13/03/2014', 58, NULL, 'OUVERT'),
(30, '1106', '17/03/2014', 14, NULL, 'OUVERT'),
(31, '1107', '17/03/2014', 2, NULL, 'OUVERT'),
(32, '1109', '18/03/2014', 83, NULL, 'OUVERT'),
(33, '1110', '17/03/2014', 42, NULL, 'Facturé'),
(34, '1111', '19/03/2014', 48, NULL, 'OUVERT'),
(35, '1112', '19/03/2014', 60, NULL, 'OUVERT'),
(36, '1101', '17/03/2014', 57, '168/14', 'Facturé'),
(37, '1138', '02/04/2014', 57, NULL, 'Facturé'),
(38, '1150', '07/04/2014', 57, NULL, 'Facturé'),
(39, '1120', '24/03/2014', 77, NULL, 'OUVERT'),
(40, '1142', '02/04/2014', 50, NULL, 'Arreté'),
(41, '603', '09/04/2014', 57, NULL, 'Facturé'),
(42, '567', '05/03/2014', 68, NULL, 'OUVERT'),
(43, '596', '14/03/2014', 68, NULL, 'OUVERT'),
(44, '1144', '04/04/2014', 19, NULL, 'Facturé'),
(45, '1114', '19/03/2014', 19, NULL, 'Facturé'),
(46, '1124', '26/03/2014', 19, NULL, 'Facturé'),
(47, '602', '09/04/2014', 44, NULL, 'OUVERT'),
(48, '604', '09/04/2014', 60, NULL, 'OUVERT'),
(49, '605', '10/04/2014', 31, NULL, 'OUVERT'),
(50, '609', '11/04/2014', 79, NULL, 'Arreté'),
(52, '564', '05/03/2014', 65, NULL, 'OUVERT'),
(53, '571', '05/03/2014', 69, NULL, 'OUVERT'),
(54, '582', '09/03/2014', 69, NULL, 'OUVERT'),
(55, '583', '11/03/2014', 65, NULL, 'OUVERT'),
(56, '584', '10/03/2014', 69, NULL, 'OUVERT'),
(59, '585', '10/03/2014', 93, NULL, 'OUVERT'),
(60, '593', '13/03/2014', 68, NULL, 'OUVERT'),
(61, '595', '13/03/2014', 68, NULL, 'OUVERT'),
(62, '597', '14/03/2014', 43, NULL, 'OUVERT'),
(63, '599', '15/03/2014', 51, NULL, 'OUVERT'),
(64, '657', '02/05/2014', 43, NULL, 'OUVERT'),
(65, '608', '10/04/2014', 50, NULL, 'Arreté'),
(66, '613', '12/04/2014', 95, NULL, 'OUVERT'),
(67, '1140', '02/04/2014', 65, NULL, 'OUVERT'),
(68, '371', '28/03/2014', 3, NULL, 'OUVERT'),
(69, '616', '14/04/2014', 69, NULL, 'OUVERT'),
(70, '619', '15/04/2014', 77, NULL, 'OUVERT'),
(71, '617', '14/04/2014', 57, NULL, 'Facturé'),
(72, '1145', '05/04/2014', 51, NULL, 'OUVERT'),
(73, '618', '15/04/2014', 2, NULL, 'OUVERT'),
(74, '632', '29/04/2014', 19, NULL, 'OUVERT'),
(75, '375', '25/04/2014', 3, NULL, 'OUVERT'),
(76, '633', '30/04/2014', 68, NULL, 'OUVERT'),
(77, '606', '10/04/2014', 83, NULL, 'OUVERT'),
(78, '610', '11/04/2014', 75, NULL, 'Arreté'),
(79, '611', '11/04/2014', 43, NULL, 'OUVERT'),
(80, '615', '14/04/2014', 63, NULL, 'OUVERT'),
(81, '620', '15/04/2014', 58, NULL, 'OUVERT'),
(82, '621', '21/04/2014', 44, NULL, 'OUVERT'),
(83, '623', '24/04/2014', 65, NULL, 'OUVERT'),
(84, '624', '23/04/2014', 42, NULL, 'Facturé'),
(85, '627', '24/04/2014', 2, NULL, 'OUVERT'),
(86, '628', '24/04/2014', 1, NULL, 'Facturé'),
(87, '629', '24/04/2014', 14, NULL, 'OUVERT'),
(88, '630', '29/04/2014', 82, NULL, 'Arreté'),
(89, '631', '29/04/2014', 61, NULL, 'OUVERT'),
(90, '1103', '24/04/2014', 65, NULL, 'OUVERT'),
(91, '1113', '19/03/2014', 58, NULL, 'OUVERT'),
(92, '652', '02/05/2014', 63, NULL, 'OUVERT'),
(93, '1115', '24/04/2014', 101, NULL, 'OUVERT'),
(94, '1116', '20/03/2014', 2, NULL, 'OUVERT'),
(95, '1118', '21/03/2014', 75, NULL, 'Arreté'),
(96, '1119', '24/04/2014', 50, NULL, 'Arreté'),
(97, '1121', '24/03/2014', 58, NULL, 'OUVERT'),
(98, '1122', '23/03/2014', 51, NULL, 'OUVERT'),
(99, '1126', '26/03/2014', 58, NULL, 'OUVERT'),
(100, '1127', '26/03/2014', 2, NULL, 'OUVERT'),
(101, '1128', '27/03/2014', 61, NULL, 'OUVERT'),
(102, '1129', '27/03/2014', 65, NULL, 'OUVERT'),
(103, '1131', '01/04/2014', 48, NULL, 'OUVERT'),
(104, '1132', '27/03/2014', 68, NULL, 'OUVERT'),
(105, '1135', '01/04/2014', 81, NULL, 'OUVERT'),
(106, '1137', '01/04/2014', 75, NULL, 'Arreté'),
(107, '1139', '02/04/2014', 2, NULL, 'OUVERT'),
(108, '1149', '07/04/2014', 2, NULL, 'OUVERT'),
(109, '651', '02/05/2014', 71, NULL, 'OUVERT'),
(110, '653', '02/05/2014', 65, NULL, 'OUVERT'),
(111, '654', '02/05/2014', 68, NULL, 'OUVERT'),
(112, '655', '02/05/2014', 2, NULL, 'OUVERT'),
(113, '658', '02/05/2014', 58, NULL, 'OUVERT'),
(114, '661', '02/05/2014', 2, NULL, 'OUVERT'),
(115, '656', '02/05/2014', 81, NULL, 'OUVERT'),
(116, '659', '02/05/2014', 69, NULL, 'OUVERT'),
(117, '660', '02/05/2014', 50, NULL, 'OUVERT'),
(118, '662', '02/05/2014', 48, NULL, 'OUVERT'),
(119, '666', '05/05/2014', 102, NULL, 'OUVERT'),
(120, '417', '03/01/2014', 68, NULL, 'OUVERT'),
(121, '670', '05/05/2014', 1, NULL, 'OUVERT'),
(122, '664', '03/05/2014', 61, NULL, 'OUVERT'),
(123, '665', '03/05/2014', 82, NULL, 'OUVERT'),
(124, '669', '05/05/2014', 75, NULL, 'OUVERT'),
(125, '671', '06/05/2014', 57, NULL, 'OUVERT'),
(126, '672', '07/05/2014', 79, NULL, 'OUVERT');

-- --------------------------------------------------------

--
-- Structure de la table `client`
--

CREATE TABLE IF NOT EXISTS `client` (
  `ID_CLIENT` int(11) NOT NULL AUTO_INCREMENT,
  `NOM_CLIENT` varchar(200) DEFAULT NULL,
  `TEL_CLIENT` varchar(20) DEFAULT NULL,
  `MAIL_CLIENT` varchar(300) DEFAULT NULL,
  `ADRESSE_CLIENT` varchar(500) DEFAULT NULL,
  PRIMARY KEY (`ID_CLIENT`)
) ENGINE=InnoDB  DEFAULT CHARSET=latin1 AUTO_INCREMENT=104 ;

--
-- Contenu de la table `client`
--

INSERT INTO `client` (`ID_CLIENT`, `NOM_CLIENT`, `TEL_CLIENT`, `MAIL_CLIENT`, `ADRESSE_CLIENT`) VALUES
(1, 'ARCHIBEL', '05-35.40.20.05', 'archibel06@gmail.com', '34 Rue Bandoeng Apt. N° 1 V.N Meknès'),
(2, 'BEL MEKI', '05-35.51.46.93', '', ''),
(3, 'MARJANE MEKNES 1', '', '', ''),
(14, 'CITY DESIGN', '', '', ''),
(19, 'ESSADIKI HASSAN', '', '', ''),
(29, 'ELENA ARCHITECTE', '', '', ''),
(30, 'STE OUSSAM', '05-35.46.60.55', 'projetalmountazah@gmail.com', ''),
(31, 'AYOTRA', '', '', ''),
(40, 'RIVERA METAL', '', '', ''),
(41, 'MARJANE MEKNES HAMRIA', '', '', ''),
(42, 'EVA', '', '', ''),
(43, 'OUAZANI CHAHDI HOUCINE ARCHITECTE', '', '', ''),
(44, 'MOUZOUNE MOHAMMED', '', 'safitop06@yahoo.fr', ''),
(45, 'NFIFI', '', '', ''),
(46, 'ELECZAR', '', '', ''),
(48, 'ALI MEDARHRI', '', '', ''),
(49, 'COLOROC', '', '', ''),
(50, 'GTI 2000', '', '', ''),
(51, 'STE SMAILIA STRUCTURE SARL', '05-35.40.00.65', 'smailiastructure2@gmail.com', 'Complexe des Habous Moulay ISMAIL im.6, appt n°3 Meknès V.N'),
(52, 'STE MEDISAKAN SARL', '', '', ''),
(53, 'IMANE EL GHNIMI', '', '', ''),
(54, 'STE S.B.M', '', '', ''),
(55, 'STE THERMIQUE DE MEKNES', '', '', ''),
(56, 'SANILEC', '', '', ''),
(57, 'LA MAROCAINE DES TRAVAUX DEVELOPPEMENT INGENIERIE', '05-35.52.42.18', 'mtdi90@gmail.com', ''),
(58, 'ZOUHAIRE IBNYAHYA', '', '', ''),
(59, 'I.C.F.A', '', '', 'Bakhda'),
(60, 'REGURAGUI', '', '', ''),
(61, 'ENTREPRISE EL HASSANI', '', '', ''),
(62, 'LPEE', '', '', ''),
(63, 'SAAD RHARRIT', '', '', ''),
(64, 'GRIGER DISTRIBUTION', '', '', ''),
(65, 'FATIMA ZAHRA SERGHINI', '05-35.51.41.11', '', ''),
(66, 'TEST', '', '', ''),
(67, 'AUTOROUTE DU MAROC', '', '', ''),
(68, 'BEN ABOUD AHMED', '05-35.51.12.72', '', ''),
(69, 'MARGUICHI MOSTAPHA				', '05-35.40.32.65', '0661201317', ''),
(71, 'STE MOUFITRAV', '', '', ''),
(72, 'SOCIETE SOGORET SARLAU', '', '', ''),
(73, 'SLAOUI AZZEDINE', '05-35.52.55.45', '', '35, av. Allal Ben Abdellah , appt. n° 3'),
(74, 'ZAARI RACHID', '', '', ''),
(75, 'KUBIK STUDIO', '', '', ''),
(76, 'KLAOUA ET FILS', '', '', ''),
(77, 'AGENCE D''ARCHITECTURE JAMIL DRISS', '05-35.52.53.30', '', '2, rue Taroudante , appt. 6'),
(78, 'CHAARA HASSAN', '', '', ''),
(79, 'MARP', '05-35.52.78.56', '', ''),
(80, 'ERELAB', '06-61.06.11.89', '', ''),
(81, 'ZENITH', '', '', ''),
(82, 'KOHEN', '', '', ''),
(83, 'MEGA PROJET', '', '', ''),
(84, 'REMAL', '06-61.86.82.57', '', ''),
(85, 'BRICOMA', '', '', ''),
(86, 'CENTRALE LAITIERE', '', '', ''),
(87, 'CEGELEC', '', '', ''),
(88, 'ORDRE DES ARCHITECTES', '', '', ''),
(89, 'SOCHTRAP ADIL', '06-77.20.06.81', '', ''),
(90, 'TALEB MUSTAPHA', '05-35.51.74.68', '', '4 rue Beyrouth, appt6'),
(91, 'MOENCO', '', 'chihab', ''),
(92, 'SINDELEC', '', '', ''),
(93, 'ENA', '', '', ''),
(94, 'BOUSOUF', '', '', ''),
(95, 'LA MAISON DU BATIMENT BOUDRAA', '', '', ''),
(96, 'SOTEQ AGRI', '', 'soteqagri@gmail.com', ''),
(97, 'BENIZZA ABDESELAM', '05-35.52.17.74', '', 'Rue Kénitra , résid. Zakaria, 2°ét. appt. 8'),
(98, 'ICOMEL', '', '', ''),
(99, 'PROFORMS S.A.R.L', '', '', ''),
(100, 'CABINET INGENIRING CONCEPT FA', '', '', ''),
(101, 'ISD', '', '', ''),
(102, 'BELKHAYAT FATIMA ZAHRA', '', '', ''),
(103, 'LES VERGES NOBLES', '', '', '');

-- --------------------------------------------------------

--
-- Structure de la table `facture`
--

CREATE TABLE IF NOT EXISTS `facture` (
  `ID_FACTURE` int(11) NOT NULL AUTO_INCREMENT,
  `ID_CLIENT` int(11) DEFAULT NULL,
  `NUM_FACTURE` varchar(10) DEFAULT NULL,
  `DATE_FACTURE` varchar(20) DEFAULT NULL,
  `MOIS_FACTURE` int(11) DEFAULT NULL,
  `MONTANT_HT` double DEFAULT NULL,
  `TVA` double DEFAULT NULL,
  `MONTANT_TTC` double DEFAULT NULL,
  `MONTANT_LETTRE` varchar(500) DEFAULT NULL,
  `ETAT_FACTURE` varchar(10) DEFAULT 'NP',
  `DATE_PAYEMENT` varchar(20) DEFAULT NULL,
  `MODE_PAYEMENT` varchar(100) DEFAULT NULL,
  `BL` varchar(100) DEFAULT NULL,
  PRIMARY KEY (`ID_FACTURE`)
) ENGINE=InnoDB  DEFAULT CHARSET=latin1 AUTO_INCREMENT=121 ;

--
-- Contenu de la table `facture`
--

INSERT INTO `facture` (`ID_FACTURE`, `ID_CLIENT`, `NUM_FACTURE`, `DATE_FACTURE`, `MOIS_FACTURE`, `MONTANT_HT`, `TVA`, `MONTANT_TTC`, `MONTANT_LETTRE`, `ETAT_FACTURE`, `DATE_PAYEMENT`, `MODE_PAYEMENT`, `BL`) VALUES
(23, 43, '122/14', '31/01/2014', 1, 1040.42, 208.08, 1248.5, ' Mille Deux Cent Quarante-Huit Dirhams 50 cts.', 'PAYE', '18/03/2014', 'Cheque N° 140 3502350', '448-458'),
(25, 49, '', '18/02/2014', 2, 6030, 1206, 7236, 'Sept Mille Deux Cent Trente-Six Dirhams', 'NP', NULL, NULL, ''),
(26, 40, '128/14', '19/02/2014', 2, 200, 40, 240, 'Deux Cent Quarante Dirhams', 'PAYE', '19/02/2014', 'Espece', ''),
(27, 31, '129/14', '19/02/2014', 2, 1178, 235.6, 1413.6, ' Mille Quatre Cent Treize Dirhams et 60 centimes', 'NP', NULL, NULL, '438-497-442-480-430'),
(29, 29, '131/14', '24/02/2014', 2, 276.48, 55.3, 331.78, 'Trois Cent Trente et Un Dirhams et Soixante-Dix-huit centimes', 'PAYE', '24/02/2014', 'Espece', ''),
(31, 52, '101/14', '06/01/2014', 1, 3300.94, 660.19, 3961.13, 'Trois Mille Neuf Cent Soixante et Un Dirhams et Treize centimes', 'PAYE', '28/01/2014', 'Chèque', ''),
(32, 53, '102/14', '07/01/2014', 1, 546.67, 109.33, 656, 'Six Cent Cinquante-Six Dirhams', 'PAYE', '07/01/2014', 'Espece', ''),
(33, 54, '103/14', '09/01/2014', 1, 510.4, 102.08, 612.48, 'Six Cent Douze Dirhams et Quarante-Huit centimes', 'PAYE', '09/01/2014', 'Espece', ''),
(34, 29, '105/14', '10/01/2014', 1, 70.2, 14.04, 84.24, 'Quatre-vingt-Quatre Dirhams et Vingt-Quatre centimes', 'PAYE', '10/01/2014', 'Espece', ''),
(35, 29, '106/14', '13/01/2014', 1, 150, 30, 180, ' Cent Quatre-vingts Dirhams', 'PAYE', '13/01/2014', 'Espece', ''),
(36, 29, '107/14', '17/01/2014', 1, 72, 14.4, 86.4, 'Quatre-vingt-Six Dirhams et Quatre centimes', 'PAYE', '17/01/2014', 'Espece', ''),
(37, 55, '108/14', '25/01/2014', 1, 362.5, 72.5, 435, 'Quatre Cent Trente-Cinq Dirhams', 'PAYE', '25/01/2014', 'Espece', ''),
(38, 29, '110/14', '28/01/2014', 1, 220.8, 44.16, 264.96, 'Deux Cent Soixante-Quatre Dirhams et Quatre-vingt-Seize centimes', 'PAYE', '28/01/2014', 'Espece', ''),
(39, 29, '111/14', '30/01/2014', 1, 296.88, 59.38, 356.26, 'Trois Cent Cinquante-Six Dirhams et Vingt-Six centimes', 'PAYE', '30/01/2014', 'Espece', ''),
(40, 55, '112/14', '31/01/2014', 1, 900, 180, 1080, ' Mille Quatre-vingts Dirhams', 'PAYE', '31/01/2014', 'Espece', ''),
(41, 56, '113/14', '21/01/2014', 1, 241.67, 48.33, 290, 'Deux Cent Quatre-vingt-Dix Dirhams', 'PAYE', '21/01/2014', 'Espece', ''),
(42, 48, '114/14', '31/01/2014', 1, 1317.17, 263.43, 1580.6, ' Mille Cinq Cent Quatre-vingts Dirhams et 60 centimes', 'PAYE', '11/03/2014', 'Cheque N° 7993799', '416-467-407-420'),
(43, 57, '115/14', '31/01/2014', 1, 2963.99, 592.8, 3556.79, 'Trois Mille Cinq Cent Cinquante-Six Dirhams et Soixante-Dix-neuf centimes', 'PAYE', '15/03/2014', 'Effet N° 7303761', '449-412-441-444-462'),
(45, 59, '117/14', '31/01/2014', 1, 3798, 759.6, 4557.6, 'Quatre Mille Cinq Cent Cinquante-Sept Dirhams et Six centimes', 'PAYE', '01/02/2014', 'Chèque', ''),
(46, 60, '118/14', '31/01/2014', 1, 145.5, 29.1, 174.6, ' Cent Soixante-Quatorze Dirhams et Six centimes', 'NP', NULL, NULL, ''),
(48, 53, '120/14', '31/01/2014', 1, 771.67, 154.33, 926, 'Neuf Cent Vingt-Six Dirhams', 'PAYE', '31/01/2014', 'Espece', ''),
(49, 52, '121/14', '31/01/2014', 1, 729.8, 145.96, 875.76, 'Huit Cent Soixante-Quinze Dirhams et Soixante-Seize centimes', 'NP', NULL, NULL, ''),
(50, 62, '123/14', '24/02/2014', 2, 60, 12, 72, 'Soixante-Douze Dirhams', 'PAYE', '07/02/2014', 'Espece', ''),
(51, 63, '124/14', '31/01/2014', 1, 57.9, 11.58, 69.48, 'Soixante-Neuf Dirhams et Quarante-Huit centimes', 'PAYE', '11/02/2014', 'Chèque', '433'),
(52, 64, '125/14', '11/02/2014', 2, 814, 162.8, 976.8, 'Neuf Cent Soixante-Seize Dirhams et Huit centimes', 'PAYE', '11/02/2014', 'Espece', ''),
(53, 46, '126/14', '11/02/2014', 2, 4243.2, 848.64, 5091.84, 'Cinq Mille Quatre-vingt-Onze Dirhams et Quatre-vingt-Quatre centimes', 'PAYE', '02/05/2014', 'Cheque N° 819718', ''),
(54, 42, '127/14', '31/01/2014', 1, 905.99, 181.2, 1087.19, ' Mille Quatre-vingt-Sept Dirhams et Dix-neuf centimes', 'PAYE', '25/02/2014', 'Cheque N° 2836859', '427-333-315-441-463'),
(55, 55, '109/14', '27/01/2014', 1, 100, 20, 120, ' Cent Vingt Dirhams', 'PAYE', '27/01/2014', 'Espece', ''),
(57, 3, '133/14', '28/02/2014', NULL, 4856, 971.2, 5827.2, 'Cinq Mille Huit Cent Vingt-Sept Dirhams et 20 centimes', 'PAYE', '18/03/2014', 'Cheque N° 5994775', '365'),
(58, 50, '130/14', '31/01/2014', 1, 2631.9, 526.38, 3158.28, 'Trois Mille Cent Cinquante-Huit Dirhams et 28 centimes', 'PAYE', '10/04/2014', 'Cheque N° 6584105', '428-421-459'),
(59, 3, '134/14', '28/02/2014', NULL, 11092.6, 2218.52, 13311.12, 'Treize Mille Trois Cent Onze Dirhams et 12 centimes', 'PAYE', '18/03/2014', 'Cheque N° 5994775', '364-366-367'),
(60, 0, '123', '26/02/2014', 2, 3872, 774.4, 4646.4, 'Quatre Mille Six Cent Quarante-Six Dirhams et Quatre centimes', 'NP', NULL, NULL, '365'),
(61, 40, '135/14', '26/02/2014', 2, 291.39, 58.28, 349.67, 'Trois Cent Quarante-Neuf Dirhams et Soixante-Sept centimes', 'PAYE', '26/02/2014', 'Espece', ''),
(62, 65, '136/14', '31/01/2014', 1, 189, 37.8, 226.8, 'Deux Cent Vingt-Six Dirhams et Huit centimes', 'ANNULEE', '', '', '401'),
(63, 3, '137/14', '08/03/2014', NULL, 667.6, 133.52, 801.12, 'Huit Cent Un Dirhams et 12 centimes', 'PAYE', '18/03/2014', 'Cheque N° 5994782', '368'),
(64, 67, '138/14', '24/02/2014', 2, 800, 160, 960, 'Neuf Cent Soixante Dirhams', 'PAYE', '04/03/2014', 'Espece', ''),
(65, 67, '100/14', '06/01/2014', 1, 800, 160, 960, 'Neuf Cent Soixante Dirhams', 'PAYE', '06/01/2014', 'Espece', ''),
(66, 67, '139/14', '06/03/2014', 3, 800, 160, 960, 'Neuf Cent Soixante Dirhams', 'PAYE', '06/03/2014', 'Espece', ''),
(67, 57, '140/14', '28/02/2014', 2, 2090.76, 418.15, 2508.91, 'Deux Mille Cinq Cent Huit Dirhams et Quatre-vingt-Onze centimes', 'PAYE', '18/03/2014', 'Effet N° 4191344', '504-489-543'),
(68, 41, '141/14', '10/03/2014', 3, 1480, 296, 1776, ' Mille Sept Cent Soixante-Seize Dirhams', 'PAYE', '07/04/2014', 'Cheque N° 025014', '369'),
(70, 58, '143/14', '10/03/2014', 3, 6166.67, 1233.33, 7400, 'Sept Mille Quatre Cents Dirhams', 'PAYE', '18/03/2014', 'Cheque N° 3734092', ''),
(71, 43, '144/14', '12/03/2014', 3, 660.2, 132.04, 792.24, 'Sept Cent Quatre-vingt-Douze Dirhams et Vingt-Quatre centimes', 'PAYE', '06/05/2014', 'Cheque N° 1403502377', '500-545'),
(72, 71, '145/14', '13/03/2014', 3, 1333.33, 266.67, 1600, ' Mille Six Cents Dirhams', 'PAYE', '13/03/2014', 'Cheque N° 6879220', ''),
(73, 72, '146/14', '17/03/2014', 3, 19226.79, 3845.36, 23072.15, 'Vingt-Trois Mille Soixante-Douze Dirhams et 15 centimes', 'PAYE', '17/03/2014', 'Cheque N° 4272338', '403-316-499-424-455-422'),
(74, 29, '147/14', '18/03/2014', 3, 301.6, 60.32, 361.92, 'Trois Cent Soixante et Un Dirhams et 92 centimes', 'PAYE', '18/03/2014', 'Espece', ''),
(77, 73, '150/14', '20/03/2014', 3, 955.1, 191.02, 1146.12, ' Mille Cent Quarante-Six Dirhams et Douze centimes', 'NP', NULL, NULL, '155-885-489-491'),
(78, 74, '151/14', '20/03/2014', 3, 97.2, 19.44, 116.64, ' Cent Seize Dirhams et Soixante-Quatre centimes', 'NP', NULL, NULL, '457'),
(80, 42, '152/14', '18/03/2014', 3, 2012.8, 402.56, 2415.36, 'Deux Mille Quatre Cent Quinze Dirhams et Trente-Six centimes', 'NP', NULL, NULL, '528-544'),
(81, 51, '119/14', '31/01/2014', 1, 2296.55, 459.31, 2755.86, 'Deux Mille Sept Cent Cinquante-Cinq Dirhams et 86 centimes', 'NP', NULL, NULL, '476-478-484-446-409'),
(82, 51, '153/14', '28/02/2014', 2, 4791.2, 958.24, 5749.44, 'Cinq Mille Sept Cent Quarante-Neuf Dirhams et 44  centimes', 'NP', NULL, NULL, '479-491-492-497-508-519'),
(83, 75, '149/14', '20/03/2014', 3, 2207, 441.4, 2648.4, 'Deux Mille Six Cent Quarante-Huit Dirhams et Quatre centimes', 'PAYE', '10/04/2014', 'Cheque N° 7469168', '1102-1108-555-573-580-581-586-589-594-598-529-546'),
(84, 76, '154/14', '28/02/2014', 2, 130, 26, 156, ' Cent Cinquante-Six Dirhams', 'NP', NULL, NULL, '921'),
(85, 50, '155/14', '28/02/2014', 2, 3269, 653.8, 3922.8, 'Trois Mille Neuf Cent Vingt-Deux Dirhams et 80 centimes', 'PAYE', '10/04/2014', 'Cheque N° 6831981', '547-524-535-482-'),
(86, 77, '156/14', '28/02/2014', 2, 1381.2, 276.24, 1657.44, ' Mille Six Cent Cinquante-Sept Dirhams et 44 centimes', 'NP', NULL, NULL, '311-427-410-510'),
(87, 78, '148/14', '19/03/2014', 3, 2032, 406.4, 2438.4, 'Deux Mille Quatre Cent Trente-Huit Dirhams et 40 centimes', 'NP', NULL, NULL, '160-331-487-475-553'),
(88, 48, '157/14', '28/02/2014', 2, 476.48, 95.3, 571.78, 'Cinq Cent Soixante et Onze Dirhams et 78 centimes', 'NP', NULL, NULL, '518'),
(89, 79, '158/14', '28/02/2014', 2, 400.5, 80.1, 480.6, 'Quatre Cent Quatre-vingts Dirhams et 60 centimes', 'NP', NULL, NULL, '506'),
(90, 41, '160/14', '20/03/2014', 3, 500, 100, 600, 'Six Cents Dirhams', 'PAYE', '07/04/2014', 'Cheque N° 025014', '370'),
(91, 29, '161/14', '20/03/2014', 3, 165.12, 33.02, 198.14, ' Cent Quatre-vingt-Dix-huit Dirhams et Quatorze centimes', 'PAYE', '20/03/2014', 'Espece', ''),
(92, 14, '159/14', '2/02/2014', 2, 4695.85, 939.17, 5635.02, 'Cinq Mille Six Cent Trente-Cinq Dirhams et Deux centimes', 'NP', NULL, NULL, '484-415'),
(93, 80, '162/14', '26/03/2014', 3, 216.67, 43.33, 260, 'Deux Cent Soixante Dirhams', 'PAYE', '26/03/2014', 'Espece', ''),
(94, 40, '163/14', '27/03/2014', 3, 550.83, 110.17, 661, 'Six Cent Soixante et Un Dirhams', 'PAYE', '27/03/2014', 'Espece', ''),
(95, 80, '166/14', '01/04/2014', 4, 326.67, 65.33, 392, 'Trois Cent Quatre-vingt-Douze Dirhams', 'PAYE', '01/04/2014', 'Espece', ''),
(96, 86, '165/14', '01/04/2014', 4, 440, 88, 528, 'Cinq Cent Vingt-Huit Dirhams', 'NP', NULL, NULL, ''),
(97, 87, '164/14', '27/03/2014', 3, 475, 95, 570, 'Cinq Cent Soixante-Dix Dirhams', 'NP', NULL, NULL, ''),
(98, 88, '167/14', '03/04/2014', 4, 92, 18.4, 110.4, ' Cent Dix Dirhams et Quatre centimes', 'NP', NULL, NULL, '239'),
(99, 57, '168/14', '31/03/2014', 3, 1473.9, 294.78, 1768.68, ' Mille Sept Cent Soixante-Huit Dirhams et Soixante-Huit centimes', 'PAYE', '11/04/2014', 'Effet N° 4494765', '554-1101'),
(100, 94, '142/14', '28/03/2014', 3, 4083.33, 816.67, 4900, 'Quatre Mille Neuf Cent s Dirhams', 'PAYE', '11/04/2014', 'Espece', ''),
(101, 40, '170/14', '14/04/2014', 4, 455, 91, 546, 'Cinq Cent Quarante-Six Dirhams', 'PAYE', '14/04/2014', 'Espece', ''),
(102, 85, '171/14', '14/04/2014', 4, 5203, 1040.6, 6243.6, 'Six Mille Deux Cent Quarante-Trois Dirhams et Six centimes', 'NP', NULL, NULL, '374'),
(103, 29, '172/14', '22/04/2014', 4, 49.68, 9.94, 59.62, 'Cinquante-Neuf Dirhams et Soixante-Deux centimes', 'PAYE', '22/04/2014', 'Espece', ''),
(104, 98, '173/14', '17/04/2014', 4, 1250, 250, 1500, ' Mille Cinq Cent s Dirhams', 'PAYE', '17/04/2014', 'Espece', ''),
(105, 99, '174/14', '24/04/2014', 4, 1800, 360, 2160, 'Deux Mille Cent Soixante Dirhams', 'NP', NULL, NULL, ''),
(106, 29, '176/14', '29/04/2014', 4, 222.72, 44.54, 267.26, 'Deux Cent Soixante-Sept Dirhams et Vingt-Six centimes', 'PAYE', '29/04/2014', 'Espece', ''),
(107, 100, '177/14', '30/04/2014', 4, 8833.46, 1766.69, 10600.15, 'Dix Mille Six Cent s Dirhams et Quinze centimes', 'PAYE', '30/04/2014', 'Cheque N° KBC 6228027', ''),
(108, 19, '178/14', '30/04/2014', 4, 12291.3, 2458.26, 14749.56, 'Quatorze Mille Sept Cent Quarante-Neuf Dirhams et Cinquante-Six centimes', 'NP', NULL, NULL, '632'),
(109, 3, '', '30/04/2014', 4, 2210, 442, 2652, 'Deux Mille Six Cent Cinquante-Deux Dirhams', 'NP', NULL, NULL, '371-375'),
(110, 57, '179/14', '30/04/2014', 4, 2159.24, 431.85, 2591.09, 'Deux Mille Cinq Cent Quatre-vingt-Onze Dirhams et Neuf centimes', 'NP', NULL, NULL, '1138-1150-603-617'),
(111, 50, '', '30/04/2014', 4, 3180, 636, 3816, 'Trois Mille Huit Cent Seize Dirhams', 'NP', NULL, NULL, '590-1142-608-1119'),
(112, 103, '180/14', '05/05/2014', 5, 333.33, 66.67, 400, 'Quatre Cent s Dirhams', 'PAYE', '05/05/2014', 'Effet N° 3032580', ''),
(113, 19, '181/14', '30/04/2014', 4, 8988.18, 1797.64, 10785.82, 'Dix Mille Sept Cent Quatre-vingt-Cinq Dirhams et Quatre-vingt-Deux centimes', 'NP', NULL, NULL, '1144-1114-1124-563'),
(114, 68, '182/14', '30/04/2014', 4, 8566.1, 1713.22, 10279.32, 'Dix Mille Deux Cent Soixante-Dix-neuf Dirhams et Trente-Deux centimes', 'NP', NULL, NULL, '417-481-461-542-485-471-342-567-596-593-595-633-1132'),
(115, 90, '183/14', '30/04/2014', 4, 6800, 1360, 8160, 'Huit Mille Cent Soixante Dirhams', 'PAYE', '30/04/2014', 'Cheque N° 1328832178', ''),
(116, 1, '184/14', '30/04/2014', 4, 1527.7, 305.54, 1833.24, ' Mille Huit Cent Trente-Trois Dirhams et Vingt-Quatre centimes', 'NP', NULL, NULL, '557-628'),
(117, 42, '185/14', '30/04/2014', 4, 5465.7, 1093.14, 6558.84, 'Six Mille Cinq Cent Cinquante-Huit Dirhams et Quatre-vingt-Quatre centimes', 'NP', NULL, NULL, '1110-624'),
(118, 48, '186/14', '30/04/2014', 4, 555.7, 111.14, 666.84, 'Six Cent Soixante-Six Dirhams et Quatre-vingt-Quatre centimes', 'NP', NULL, NULL, '1111-1131'),
(119, 75, '187/14', '30/04/2014', 4, 1291.5, 258.3, 1549.8, ' Mille Cinq Cent Quarante-Neuf Dirhams et Huit centimes', 'NP', NULL, NULL, '610-1118-1137'),
(120, 40, '188/14', '07/05/2014', 5, 660, 132, 792, 'Sept Cent Quatre-vingt-Douze Dirhams', 'PAYE', '07/04/2014', 'Espece', '');

-- --------------------------------------------------------

--
-- Structure de la table `ligne_bl`
--

CREATE TABLE IF NOT EXISTS `ligne_bl` (
  `ID_LIGNE_BL` int(11) NOT NULL AUTO_INCREMENT,
  `ID_BL` int(11) DEFAULT NULL,
  `DESIGNATION_LIGNE_BL` varchar(200) DEFAULT NULL,
  `LONGEUR` double DEFAULT NULL,
  `LARGEUR` double DEFAULT NULL,
  `NOMBRE` double DEFAULT NULL,
  PRIMARY KEY (`ID_LIGNE_BL`)
) ENGINE=InnoDB  DEFAULT CHARSET=latin1 AUTO_INCREMENT=1428 ;

--
-- Contenu de la table `ligne_bl`
--

INSERT INTO `ligne_bl` (`ID_LIGNE_BL`, `ID_BL`, `DESIGNATION_LIGNE_BL`, `LONGEUR`, `LARGEUR`, `NOMBRE`) VALUES
(22, 0, 'couleur', 1.2, NULL, 1),
(23, 0, 'couleur', 1, NULL, 1),
(24, 0, 'couleur', 1.2, NULL, 1),
(25, 0, 'couleur', 0.6, NULL, 1),
(26, 0, 'trace N/B', 0.6, NULL, 2),
(27, 0, 'couleur', 1.4, NULL, 4),
(28, 0, 'test', 0.22, NULL, 5),
(57, 9, 'trace couleur', 0.8, NULL, 3),
(58, 9, 'pc', 0.8, NULL, 2),
(59, 9, 'trace N/B', 0.8, NULL, 1),
(60, 9, 'pc', 1.25, NULL, 2),
(61, 9, 'pc', 1.35, NULL, 1),
(62, 9, 'pc', 1.25, NULL, 2),
(63, 9, 'pc', 1, NULL, 1),
(64, 10, 'Trace N/B', 0.62, NULL, 1),
(65, 10, 'pc', 0.62, NULL, 3),
(66, 10, 'pc', 0.98, NULL, 3),
(67, 10, 'Trace N/B', 1.2, NULL, 1),
(68, 10, 'pc', 1.2, NULL, 6),
(69, 10, 'Trace N/B', 0.62, NULL, 1),
(70, 10, 'pc', 0.62, NULL, 6),
(71, 10, 'pc', 0.62, NULL, 5),
(72, 10, 'Trace N/B', 1.2, NULL, 1),
(73, 10, 'pc', 1.2, NULL, 4),
(74, 10, 'Trace N/B', 0.62, NULL, 1),
(75, 10, 'pc', 0.62, NULL, 1),
(76, 10, 'Trace N/B', 1.2, NULL, 1),
(77, 10, 'pc', 1.2, NULL, 6),
(92, 11, 'Trace N/B', 1.2, NULL, 1),
(93, 11, 'pc', 1.2, NULL, 4),
(94, 11, 'Trace N/B', 0.64, NULL, 1),
(95, 11, 'pc', 0.65, NULL, 4),
(96, 11, 'Trace N/B', 1.2, NULL, 1),
(97, 11, 'pc', 1.2, NULL, 6),
(98, 11, 'Trace N/B', 1.2, NULL, 1),
(99, 11, 'pc', 1.2, NULL, 4),
(100, 11, 'pc', 1.2, NULL, 2),
(101, 11, 'Trace N/B', 1.17, NULL, 1),
(102, 11, 'pc', 1.17, NULL, 2),
(103, 11, 'Trace N/B', 1.2, NULL, 1),
(104, 11, 'pc', 1.2, NULL, 4),
(105, 11, 'Trace N/B', 1.4, NULL, 1),
(106, 11, 'pc', 1.4, NULL, 4),
(107, 12, 'Trace N/B', 1.2, NULL, 3),
(108, 12, 'pc', 1.2, NULL, 12),
(109, 12, 'impression sur papier photo', 1.2, NULL, 3),
(110, 12, 'pc', 1.1, NULL, 3),
(111, 12, 'pc', 1.1, NULL, 1),
(112, 12, 'pc', 1.1, NULL, 1),
(113, 12, 'pc', 1.2, NULL, 8),
(114, 13, 'Trace N/B', 1.2, NULL, 1),
(115, 13, 'Trace N/B', 1.2, NULL, 1),
(116, 13, 'Trace N/B', 0.74, NULL, 1),
(117, 13, 'pc', 1.2, NULL, 6),
(118, 13, 'pc', 1.2, NULL, 6),
(119, 13, 'pc', 0.74, NULL, 6),
(120, 14, 'Trace N/B', 1.2, NULL, 1),
(121, 14, 'pc', 1.2, NULL, 6),
(122, 14, 'Trace N/B', 0.62, NULL, 1),
(123, 14, 'pc', 0.62, NULL, 6),
(124, 14, 'Trace N/B', 1.2, NULL, 1),
(125, 14, 'pc', 1.2, NULL, 6),
(126, 14, 'Trace N/B', 0.6, NULL, 1),
(127, 14, 'pc', 0.6, NULL, 5),
(128, 14, 'Trace N/B', 0.62, NULL, 1),
(156, 15, 'pc', 1.03, NULL, 4),
(157, 15, 'Trace N/B', 1.2, NULL, 1),
(158, 15, 'pc', 1.2, NULL, 4),
(227, 22, 'Trace couleur', 1, NULL, 7),
(228, 22, 'Trace couleur', 1, NULL, 7),
(229, 22, 'pc', 1.2, NULL, 105),
(230, 22, 'pc', 0.5, NULL, 27),
(231, 22, 'pc', 0.67, NULL, 6),
(232, 22, 'A4 NOIR', 1, NULL, 2865),
(233, 22, 'Spirale', 1, NULL, 30),
(234, 22, 'Trace couleur', 1.1, NULL, 12),
(235, 22, 'Trace N/B', 0.9, NULL, 1),
(236, 22, 'pc', 0.9, NULL, 2),
(237, 22, 'Trace couleur', 1.8, NULL, 2),
(238, 22, 'SCAN A0 COULEUR', 2.2, NULL, 1),
(239, 22, 'Trace couleur', 2.2, NULL, 1),
(240, 22, 'Trace couleur', 2.5, NULL, 12),
(241, 22, 'pc', 1, NULL, 2),
(242, 22, 'Trace couleur', 1.6, NULL, 6),
(250, 26, 'A3 COULEUR ', 1, NULL, 56),
(251, 26, 'Spirale', 1, NULL, 7),
(252, 27, 'pc', 1.7, NULL, 4),
(253, 27, 'Calque', 1.5, NULL, 1),
(254, 27, 'Calque', 1.4, NULL, 1),
(255, 27, 'Calque', 1.25, NULL, 1),
(256, 28, 'Trace N/B', 1.9, NULL, 1),
(257, 29, 'Trace N/B', 0.8, NULL, 3),
(258, 29, 'Trace N/B', 0.7, NULL, 1),
(259, 29, 'Trace N/B', 0.95, NULL, 4),
(260, 29, 'Trace N/B', 1.32, NULL, 1),
(261, 29, 'pc', 0.8, NULL, 6),
(262, 29, 'pc', 0.7, NULL, 2),
(263, 29, 'pc', 0.95, NULL, 8),
(264, 29, 'pc', 1.32, NULL, 2),
(265, 29, 'Trace N/B', 1.1, NULL, 1),
(266, 29, 'pc', 1.1, NULL, 4),
(267, 29, 'Trace N/B', 1, NULL, 1),
(268, 29, 'pc', 1, NULL, 10),
(269, 29, 'pc', 0.55, NULL, 10),
(271, 31, 'Trace N/B', 2.5, NULL, 5),
(272, 31, 'pc', 2.5, NULL, 10),
(273, 31, 'Trace N/B', 1.6, NULL, 2),
(274, 31, 'pc', 1.6, NULL, 4),
(275, 31, 'Trace N/B', 2.2, NULL, 1),
(276, 31, 'Trace N/B', 2.2, NULL, 1),
(277, 31, 'Trace N/B', 1.2, NULL, 1),
(278, 31, 'Trace N/B', 1.2, NULL, 1),
(279, 31, 'Trace N/B', 1.5, NULL, 2),
(280, 31, 'pc', 0.5, NULL, 2),
(281, 31, 'pc', 0.8, NULL, 3),
(282, 31, 'Trace couleur', 1.4, NULL, 3),
(283, 31, 'Trace couleur', 1.4, NULL, 3),
(284, 31, 'Trace couleur', 1, NULL, 2),
(289, 34, 'Trace N/B', 0.85, NULL, 1),
(290, 34, 'pc', 0.85, NULL, 2),
(291, 35, 'Trace N/B', 0.7, NULL, 3),
(292, 35, 'pc', 0.7, NULL, 15),
(293, 35, 'Trace N/B', 1.1, NULL, 1),
(294, 35, 'Trace N/B', 1, NULL, 1),
(295, 35, 'pc', 1.1, NULL, 5),
(296, 35, 'pc', 1, NULL, 5),
(297, 35, 'Trace N/B', 0.8, NULL, 5),
(298, 35, 'Trace N/B', 1.2, NULL, 3),
(299, 35, 'Trace N/B', 1.5, NULL, 2),
(300, 35, 'Trace N/B', 1.55, NULL, 1),
(301, 35, 'Trace N/B', 0.7, NULL, 1),
(302, 35, 'Trace N/B', 1.3, NULL, 2),
(303, 35, 'Trace N/B', 0.9, NULL, 1),
(304, 35, 'Trace N/B', 0.6, NULL, 4),
(305, 35, 'Trace N/B', 0.7, NULL, 2),
(358, 8, 'Trace couleur', 1.2, NULL, 1),
(359, 8, 'Trace couleur', 1, NULL, 1),
(360, 8, 'Trace couleur', 1.2, NULL, 1),
(361, 8, 'Trace couleur', 0.6, NULL, 1),
(362, 8, 'trace N/B', 0.6, NULL, 2),
(363, 8, 'Trace couleur', 1.4, NULL, 4),
(364, 8, 'Trace couleur', 0.45, NULL, 1),
(365, 8, 'Trace couleur', 0.45, NULL, 1),
(366, 8, 'Trace N/B', 0.45, NULL, 2),
(367, 8, 'Trace couleur', 0.7, NULL, 1),
(368, 8, 'Trace couleur', 0.7, NULL, 2),
(369, 8, 'Trace couleur', 1.3, NULL, 1),
(370, 8, 'Trace N/B', 1.3, NULL, 1),
(371, 8, 'pc', 1.3, NULL, 1),
(372, 8, 'Trace couleur', 1.5, NULL, 2),
(373, 8, 'Trace couleur', 0.32, NULL, 1),
(374, 36, 'Trace couleur', 0.75, NULL, 2),
(375, 36, 'pc', 1.1, NULL, 3),
(376, 36, 'Trace couleur', 0.65, NULL, 1),
(377, 36, 'pc', 1.2, NULL, 2),
(378, 36, 'Trace couleur', 0.76, NULL, 1),
(379, 36, 'Trace couleur', 1.4, NULL, 1),
(380, 36, 'Trace couleur', 1.4, NULL, 1),
(381, 36, 'Trace couleur', 0.85, NULL, 1),
(382, 36, 'pc', 0.85, NULL, 2),
(383, 36, 'Trace N/B', 1, NULL, 1),
(384, 36, 'Trace N/B', 1, NULL, 1),
(385, 36, 'Trace couleur', 0.95, NULL, 2),
(386, 37, 'Trace couleur', 0.8, NULL, 1),
(387, 37, 'Trace couleur', 1.2, NULL, 1),
(388, 37, 'Trace couleur', 0.8, NULL, 1),
(389, 37, 'pc', 0.8, NULL, 2),
(390, 37, 'Trace couleur', 1.3, NULL, 1),
(391, 37, 'Trace couleur', 1, NULL, 2),
(392, 37, 'Trace couleur', 0.75, NULL, 1),
(393, 37, 'pc', 0.75, NULL, 2),
(413, 38, 'Trace couleur', 1.2, NULL, 2),
(414, 38, 'Trace couleur', 1, NULL, 1),
(415, 38, 'Trace couleur', 0.75, NULL, 1),
(416, 38, 'Trace couleur', 1.2, NULL, 1),
(417, 38, 'SCAN A0 COULEUR', 1, NULL, 1),
(446, 21, 'pc', 0.6, NULL, 13),
(447, 21, 'pc', 0.6, NULL, 13),
(448, 21, 'pc', 0.6, NULL, 13),
(449, 21, 'pc', 0.6, NULL, 18),
(450, 21, 'pc', 0.5, NULL, 27),
(451, 21, 'pc', 0.52, NULL, 27),
(452, 21, 'pc', 0.6, NULL, 21),
(453, 21, 'pc', 0.55, NULL, 20),
(454, 21, 'pc', 0.6, NULL, 14),
(455, 21, 'pc', 0.54, NULL, 23),
(456, 21, 'pc', 0.55, NULL, 53),
(457, 21, 'pc', 0.6, NULL, 41),
(458, 21, 'pc', 0.6, NULL, 20),
(459, 21, 'pc', 0.6, NULL, 11),
(460, 21, 'pc', 0.6, NULL, 11),
(469, 6, 'pc', 1, NULL, 1),
(470, 6, 'Trace N/B', 2.5, NULL, 2),
(483, 20, 'pc', 0.55, NULL, 6),
(484, 20, 'pc', 1, NULL, 4),
(485, 20, 'pc', 0.7, NULL, 17),
(486, 20, 'pc', 0.5, NULL, 14),
(487, 20, 'pc', 0.5, NULL, 11),
(488, 20, 'pc', 0.5, NULL, 14),
(489, 20, 'pc', 0.7, NULL, 32),
(490, 20, 'pc', 0.5, NULL, 11),
(491, 20, 'pc', 0.6, NULL, 11),
(492, 20, 'pc', 0.5, NULL, 15),
(493, 20, 'pc', 0.5, NULL, 11),
(494, 20, 'Trace N/B', 44.5, NULL, 1),
(495, 20, 'pc', 0.5, NULL, 66),
(496, 20, 'pc', 0.5, NULL, 11),
(497, 20, 'pc', 0.5, NULL, 20),
(511, 45, 'pc', 0.6, NULL, 11),
(512, 45, 'pc', 0.6, NULL, 24),
(513, 45, 'pc', 0.6, NULL, 11),
(514, 45, 'pc', 0.6, NULL, 11),
(515, 45, 'pc', 0.6, NULL, 11),
(516, 45, 'pc', 0.6, NULL, 30),
(517, 45, 'pc', 0.6, NULL, 15),
(518, 45, 'pc', 0.6, NULL, 11),
(519, 45, 'pc', 0.8, NULL, 200),
(520, 45, 'Calque stable', 0.8, NULL, 28),
(521, 45, 'Calque stable', 1.1, NULL, 6),
(522, 45, 'pc', 1.1, NULL, 42),
(531, 47, 'pc', 0.55, NULL, 11),
(532, 47, 'pc', 0.55, NULL, 11),
(541, 24, 'Trace N/B', 1.6, NULL, 1),
(542, 24, 'Trace N/B', 0.42, NULL, 1),
(543, 17, 'Trace N/B', 1.6, NULL, 1),
(544, 17, 'pc', 1.6, NULL, 10),
(545, 48, 'pc', 1.7, NULL, 5),
(546, 48, 'pc', 0.6, NULL, 5),
(547, 48, 'pc', 1.3, NULL, 5),
(548, 48, 'pc', 1.7, NULL, 5),
(549, 48, 'pc', 1.7, NULL, 5),
(550, 48, 'pc', 1.7, NULL, 5),
(551, 48, 'pc', 1.4, NULL, 5),
(552, 49, 'Trace N/B', 1.3, NULL, 1),
(559, 50, 'Calque', 0.65, NULL, 1),
(560, 50, 'Calque', 0.97, NULL, 1),
(561, 50, 'Calque', 0.98, NULL, 1),
(562, 50, 'Calque', 0.5, NULL, 1),
(563, 16, 'Trace N/B', 0.42, NULL, 1),
(564, 16, 'pc', 0.42, NULL, 6),
(565, 16, 'Trace N/B', 2.2, NULL, 5),
(566, 16, 'Trace N/B', 2, NULL, 1),
(567, 16, 'pc', 2, NULL, 7),
(568, 16, 'pc', 2.2, NULL, 35),
(569, 16, 'Trace N/B', 0.42, NULL, 1),
(570, 16, 'pc', 0.42, NULL, 5),
(571, 16, 'Trace N/B', 1.1, NULL, 1),
(572, 16, 'pc', 1.1, NULL, 5),
(573, 16, 'Trace N/B', 1.3, NULL, 1),
(574, 16, 'pc', 1.3, NULL, 6),
(575, 16, 'Trace N/B', 0.95, NULL, 1),
(576, 16, 'pc', 0.95, NULL, 6),
(589, 18, 'pc', 0.55, NULL, 3),
(590, 18, 'pc', 0.42, NULL, 1),
(591, 18, 'A3 COULEUR ', 1, NULL, 7),
(592, 18, ' spirale', 1, NULL, 1),
(593, 18, 'pc', 0.5, NULL, 3),
(594, 18, 'A4 NOIR', 1, NULL, 486),
(595, 18, 'Spirale', 1, NULL, 5),
(596, 18, 'pc', 1.7, NULL, 9),
(597, 18, 'pc', 1.5, NULL, 4),
(598, 18, 'pc', 1.3, NULL, 2),
(599, 18, 'pc A4', 1, NULL, 674),
(600, 18, 'pc', 1.3, NULL, 3),
(601, 18, 'Spirale', 1, NULL, 4),
(602, 19, 'Trace couleur', 1.3, NULL, 1),
(603, 19, 'Trace N/B', 3, NULL, 2),
(604, 19, 'Trace N/B', 1.8, NULL, 1),
(605, 19, 'SCAN A0 COULEUR', 1, NULL, 1),
(606, 19, 'Trace couleur', 1.2, NULL, 1),
(607, 19, 'Trace N/B', 1.1, NULL, 1),
(608, 19, 'Trace couleur', 0.9, NULL, 2),
(609, 19, 'Trace N/B', 1.8, NULL, 8),
(610, 19, 'Trace N/B', 1.9, NULL, 1),
(611, 19, 'pc', 1.3, NULL, 1),
(612, 19, 'Trace N/B', 1.9, NULL, 4),
(613, 19, 'pc', 1.9, NULL, 12),
(614, 19, 'Trace couleur', 1, NULL, 4),
(615, 19, 'Trace couleur', 1.8, NULL, 4),
(616, 19, 'Trace couleur', 1.1, NULL, 3),
(617, 52, 'Trace N/B', 0.67, NULL, 1),
(618, 52, 'pc', 0.67, NULL, 8),
(619, 52, 'Trace N/B', 1.1, NULL, 1),
(620, 52, 'pc', 1.1, NULL, 2),
(621, 52, 'Trace N/B', 0.58, NULL, 1),
(622, 52, 'pc', 0.58, NULL, 1),
(623, 52, 'Trace N/B', 0.54, NULL, 1),
(624, 52, 'pc', 0.54, NULL, 6),
(625, 52, 'Trace N/B', 1.2, NULL, 1),
(626, 52, 'Trace N/B', 0.5, NULL, 1),
(627, 52, 'pc', 0.5, NULL, 9),
(628, 52, 'Trace N/B', 0.5, NULL, 1),
(629, 52, 'pc', 0.5, NULL, 9),
(630, 52, 'Trace N/B', 1.2, NULL, 1),
(631, 52, 'pc', 1.2, NULL, 9),
(632, 42, 'pc', 1, NULL, 1),
(633, 42, 'Trace N/B', 1.2, NULL, 1),
(634, 42, 'pc', 1.2, NULL, 3),
(635, 42, 'pc', 0.7, NULL, 4),
(636, 42, 'Trace N/B', 1.2, NULL, 3),
(637, 42, 'pc', 1.2, NULL, 18),
(638, 42, 'Trace N/B', 0.7, NULL, 1),
(639, 42, 'pc', 0.7, NULL, 6),
(640, 42, 'Trace N/B', 0.64, NULL, 1),
(641, 42, 'pc', 0.64, NULL, 7),
(642, 42, 'pc', 1.2, NULL, 14),
(643, 53, 'Trace N/B', 1.2, NULL, 1),
(644, 53, 'pc', 1.2, NULL, 4),
(662, 54, 'SCAN A0 COULEUR', 1, NULL, 2),
(663, 54, 'SCAN A3 COULEUR', 1, NULL, 3),
(664, 55, 'Trace N/B', 1.3, NULL, 1),
(665, 55, 'Trace N/B', 1.3, NULL, 1),
(666, 55, 'pc', 1.3, NULL, 2),
(667, 55, 'Trace N/B', 0.68, NULL, 1),
(668, 55, 'pc', 0.68, NULL, 3),
(669, 55, 'Trace N/B', 0.5, NULL, 1),
(670, 55, 'pc', 0.5, NULL, 6),
(671, 55, 'Trace N/B', 0.5, NULL, 1),
(672, 55, 'Trace N/B', 0.55, NULL, 1),
(673, 55, 'pc', 0.55, NULL, 5),
(674, 55, 'Trace N/B', 0.5, NULL, 1),
(675, 55, 'pc', 0.5, NULL, 9),
(676, 55, 'Trace N/B', 1.3, NULL, 1),
(677, 55, 'pc', 1.3, NULL, 9),
(678, 56, 'Trace N/B', 0.42, NULL, 1),
(679, 56, 'pc', 0.42, NULL, 7),
(680, 56, 'Trace N/B', 0.42, NULL, 1),
(681, 56, 'pc', 0.42, NULL, 4),
(682, 56, 'Trace N/B', 0.42, NULL, 1),
(683, 56, 'pc', 0.42, NULL, 4),
(684, 56, 'Trace N/B', 0.42, NULL, 1),
(685, 56, 'pc', 0.42, NULL, 4),
(686, 56, 'Trace N/B', 0.42, NULL, 1),
(687, 56, 'pc', 0.42, NULL, 4),
(688, 56, 'Trace N/B', 0.42, NULL, 1),
(689, 56, 'pc', 0.42, NULL, 4),
(690, 56, 'Trace N/B', 0.5, NULL, 1),
(691, 56, 'pc', 0.5, NULL, 4),
(702, 59, 'Trace couleur', 1.1, NULL, 15),
(703, 60, 'Trace N/B', 1.56, NULL, 1),
(704, 60, 'Trace N/B', 1, NULL, 1),
(705, 60, 'Trace N/B', 1.4, NULL, 1),
(706, 60, 'Trace N/B', 1.2, NULL, 1),
(707, 60, 'Trace N/B', 1, NULL, 1),
(708, 60, 'Trace N/B', 1, NULL, 1),
(709, 60, 'Trace N/B', 1.2, NULL, 1),
(710, 60, 'Trace N/B', 0.92, NULL, 1),
(711, 60, 'Trace N/B', 1.1, NULL, 1),
(712, 60, 'Trace N/B', 1.1, NULL, 1),
(713, 60, 'pc', 0.72, NULL, 4),
(714, 60, 'pc', 1.56, NULL, 4),
(715, 60, 'pc', 1, NULL, 4),
(716, 60, 'pc', 1.4, NULL, 1),
(717, 61, 'pc', 1.2, NULL, 4),
(718, 61, 'pc', 1, NULL, 4),
(719, 61, 'pc', 1, NULL, 4),
(720, 61, 'pc', 1.2, NULL, 4),
(721, 61, 'pc', 0.92, NULL, 4),
(722, 61, 'pc', 1.1, NULL, 4),
(723, 61, 'pc', 1.1, NULL, 4),
(724, 62, 'Trace couleur', 0.65, NULL, 1),
(725, 62, 'Trace N/B', 0.65, NULL, 1),
(726, 62, 'pc', 0.65, NULL, 2),
(727, 62, 'Trace couleur', 0.6, NULL, 5),
(728, 63, 'Trace N/B', 1.1, NULL, 1),
(729, 63, 'pc', 1.1, NULL, 2),
(730, 63, 'Trace N/B', 1.3, NULL, 1),
(731, 63, 'Trace couleur', 0.6, NULL, 5),
(733, 46, 'Calque stable', 0.8, NULL, 18),
(734, 46, 'Calque stable', 1, NULL, 12),
(735, 46, 'pc', 0.8, NULL, 246),
(736, 46, 'pc', 1, NULL, 84),
(737, 46, 'pc', 0.62, NULL, 42),
(738, 46, 'Trace couleur', 0.42, NULL, 3),
(745, 67, 'Trace N/B', 0.42, NULL, 1),
(746, 67, 'pc', 0.42, NULL, 5),
(747, 67, 'Trace N/B', 0.42, NULL, 1),
(748, 67, 'pc', 0.42, NULL, 5),
(749, 67, 'Trace N/B', 0.42, NULL, 1),
(750, 67, 'pc', 0.42, NULL, 5),
(751, 67, 'Trace N/B', 0.6, NULL, 1),
(752, 67, 'pc', 0.6, NULL, 1),
(753, 67, 'Trace N/B', 0.7, NULL, 1),
(754, 67, 'pc', 0.7, NULL, 5),
(757, 68, 'Impression sur vinyle', 1.01, NULL, 1),
(758, 68, 'Impression sur vinyle', 2, NULL, 2),
(759, 25, 'SCAN A0 COULEUR', 1, NULL, 4),
(760, 25, 'SCAN A0 COULEUR', 1, NULL, 4),
(761, 25, 'SCAN A0 COULEUR', 1, NULL, 7),
(762, 25, 'SCAN A0 COULEUR', 1, NULL, 3),
(763, 25, 'SCAN A0 COULEUR', 1, NULL, 11),
(764, 25, 'SCAN A0 COULEUR', 1, NULL, 8),
(765, 25, 'SCAN A0 COULEUR', 1, NULL, 6),
(766, 25, 'SCAN A0 COULEUR', 1, NULL, 4),
(767, 25, 'SCAN A0 COULEUR', 1, NULL, 1),
(771, 41, 'Trace couleur', 1.25, NULL, 2),
(772, 41, 'Trace couleur', 1.1, NULL, 2),
(773, 41, 'Trace N/B', 1.25, NULL, 1),
(774, 41, 'Trace N/B', 1.1, NULL, 1),
(775, 41, 'pc', 1.25, NULL, 2),
(776, 41, 'pc', 1.1, NULL, 2),
(777, 41, 'Trace couleur', 1, NULL, 1),
(778, 41, 'pc', 1.1, NULL, 1),
(779, 41, 'SCAN A0 COULEUR', 1, NULL, 1),
(780, 41, 'Trace couleur', 0.6, NULL, 1),
(781, 41, 'Trace couleur', 1.4, NULL, 1),
(782, 41, 'pc', 1.4, NULL, 2),
(783, 41, 'Trace couleur', 1.4, NULL, 2),
(784, 41, 'Trace couleur', 1.1, NULL, 2),
(788, 1, 'Trace couleur', 0.5, NULL, 1),
(789, 1, 'pc', 0.5, NULL, 1),
(790, 1, 'PC', 0.5, NULL, 1),
(791, 1, 'Pc', 0.5, NULL, 1),
(792, 1, '0', 0, NULL, 0),
(793, 1, '1', 1, NULL, 1),
(798, 7, 'pc', 0.42, NULL, 1),
(799, 7, 'test', 0, NULL, 0),
(814, 69, 'Trace N/B', 1, NULL, 1),
(815, 69, 'pc', 1, NULL, 4),
(816, 69, 'Trace N/B', 1, NULL, 1),
(817, 69, 'pc', 1, NULL, 4),
(818, 69, 'Trace N/B', 0.42, NULL, 1),
(819, 69, 'pc', 0.42, NULL, 4),
(820, 69, 'Trace N/B', 0.42, NULL, 1),
(821, 69, 'pc', 0.42, NULL, 4),
(822, 69, 'Trace N/B', 0.42, NULL, 1),
(823, 69, 'pc', 0.42, NULL, 4),
(827, 71, 'Trace couleur', 0.5, NULL, 1),
(828, 71, 'pc', 0.5, NULL, 2),
(829, 71, 'Trace couleur', 1, NULL, 2),
(830, 71, 'Trace couleur', 1.1, NULL, 3),
(831, 71, 'SCAN A0 COULEUR', 1, NULL, 1),
(832, 71, 'pc', 1.4, NULL, 1),
(833, 71, 'Trace couleur', 0.7, NULL, 1),
(834, 71, 'pc', 0.7, NULL, 2),
(835, 71, 'Trace couleur', 0.7, NULL, 1),
(836, 71, 'pc', 0.7, NULL, 2),
(837, 71, 'Trace couleur', 0.42, NULL, 1),
(838, 71, 'Trace N/B', 0.42, NULL, 1),
(839, 71, 'pc', 0.42, NULL, 1),
(840, 71, 'Trace couleur', 1.2, NULL, 1),
(841, 44, 'pc', 0.6, NULL, 32),
(842, 44, 'pc', 0.6, NULL, 4),
(843, 44, 'pc', 0.6, NULL, 11),
(844, 44, 'pc ', 0.5, NULL, 11),
(845, 44, 'pc', 0.5, NULL, 14),
(846, 44, 'pc', 0.55, NULL, 17),
(847, 44, 'pc', 0.55, NULL, 11),
(848, 44, 'pc', 0.5, NULL, 11),
(849, 44, 'Trace couleur', 0.42, NULL, 11),
(850, 44, 'pc', 0.6, NULL, 38),
(851, 44, 'pc', 0.6, NULL, 11),
(852, 44, 'pc', 0.5, NULL, 11),
(853, 44, 'pc', 0.55, NULL, 11),
(854, 44, 'pc', 0.55, NULL, 11),
(855, 74, 'Calque stable', 0.84, NULL, 191),
(856, 74, 'pc', 0.84, NULL, 996),
(862, 75, 'Impression sur vinyle', 3.78, NULL, 1),
(863, 75, 'Impression sur vinyle', 0.13, NULL, 8),
(864, 75, 'Impression sur vinyle', 1.94, NULL, 2),
(865, 75, 'Impression sur vinyle', 3.86, NULL, 2),
(866, 75, 'Impression sur vinyle', 1, NULL, 4),
(867, 75, 'Impression sur vinyle', 0.32, NULL, 1),
(868, 75, 'PlexyGlass', 1, NULL, 1),
(869, 76, 'Trace N/B', 0.62, NULL, 1),
(870, 76, 'pc', 0.62, NULL, 7),
(871, 77, 'A3 COULEUR', 1, NULL, 12),
(872, 65, 'Trace N/B', 1.4, NULL, 3),
(873, 65, 'Trace N/B', 1.8, NULL, 3),
(874, 65, 'pc', 1.8, NULL, 1),
(875, 65, 'Trace N/B', 1.15, NULL, 1),
(876, 65, 'pc', 1.15, NULL, 4),
(877, 65, 'Trace couleur', 1.2, NULL, 1),
(878, 65, 'pc', 1.2, NULL, 2),
(879, 65, 'Trace couleur', 1.1, NULL, 1),
(880, 65, 'Trace couleur', 1.1, NULL, 1),
(881, 65, 'pc', 1, NULL, 4),
(882, 65, 'Trace couleur', 1.1, NULL, 1),
(883, 65, 'pc', 1.1, NULL, 4),
(884, 78, 'Trace couleur', 1.2, NULL, 1),
(885, 78, 'Trace N/B', 0.42, NULL, 1),
(886, 78, 'Trace N/B', 1.3, NULL, 1),
(887, 78, 'Trace N/B', 1, NULL, 1),
(888, 78, 'Trace N/B', 1.3, NULL, 1),
(889, 78, 'Trace N/B', 0.42, NULL, 1),
(890, 78, 'Trace N/B', 0.6, NULL, 1),
(891, 78, 'Trace N/B', 1, NULL, 1),
(892, 78, 'Trace N/B', 1.25, NULL, 1),
(893, 78, 'pc', 1, NULL, 5),
(894, 78, 'pc', 1.3, NULL, 5),
(895, 78, 'pc', 0.42, NULL, 5),
(896, 78, 'pc', 0.6, NULL, 5),
(897, 78, 'pc', 1, NULL, 5),
(898, 78, 'pc', 1.25, NULL, 5),
(899, 79, 'pc', 1, NULL, 1),
(900, 79, 'pc', 0.7, NULL, 1),
(901, 79, 'pc', 0.73, NULL, 6),
(902, 79, 'pc', 1.5, NULL, 2),
(903, 66, 'A3 COULEUR', 1, NULL, 3),
(904, 66, 'Trace couleur', 1.2, NULL, 1),
(905, 80, 'pc', 0.75, NULL, 4),
(906, 80, 'pc', 0.78, NULL, 4),
(907, 80, 'pc', 1.15, NULL, 4),
(908, 80, 'pc', 0.98, NULL, 4),
(909, 80, 'Calque', 0.95, NULL, 1),
(910, 80, 'pc', 0.95, NULL, 2),
(911, 80, 'Calque', 0.9, NULL, 1),
(912, 80, 'pc', 0.9, NULL, 2),
(913, 73, 'Trace couleur', 0.9, NULL, 4),
(914, 73, 'pc', 1.5, NULL, 14),
(915, 73, 'pc', 1.3, NULL, 4),
(916, 73, 'Trace couleur', 2, NULL, 1),
(917, 73, 'pc', 2, NULL, 5),
(918, 73, 'Trace couleur', 1.7, NULL, 1),
(919, 73, 'pc', 1.7, NULL, 5),
(920, 73, 'Trace couleur', 1.2, NULL, 1),
(921, 73, 'pc', 1.2, NULL, 5),
(922, 73, 'Trace couleur', 1.1, NULL, 1),
(923, 73, 'Trace N/B', 2.1, NULL, 1),
(924, 73, 'Trace N/B', 1, NULL, 1),
(925, 73, 'Trace N/B', 1.6, NULL, 1),
(926, 73, 'Trace couleur', 1.8, NULL, 2),
(927, 73, 'pc', 1.8, NULL, 16),
(928, 73, 'pc', 1.8, NULL, 1),
(929, 70, 'pc', 0.42, NULL, 9),
(930, 70, 'pc', 0.42, NULL, 9),
(931, 70, 'pc', 0.42, NULL, 9),
(932, 81, 'Trace N/B', 1.1, NULL, 2),
(933, 81, 'pc', 1.1, NULL, 8),
(934, 81, 'Trace N/B', 0.45, NULL, 2),
(935, 81, 'pc', 0.45, NULL, 14),
(936, 81, 'Trace N/B', 1.2, NULL, 2),
(937, 81, 'pc', 1.2, NULL, 4),
(938, 81, 'Trace N/B', 1, NULL, 1),
(939, 81, 'pc', 1, NULL, 8),
(940, 81, 'Trace N/B', 1, NULL, 1),
(941, 81, 'pc', 1, NULL, 8),
(942, 82, 'pc', 0.6, NULL, 3),
(943, 82, 'pc', 0.6, NULL, 11),
(944, 82, 'pc', 0.6, NULL, 11),
(945, 83, 'Trace N/B', 0.42, NULL, 1),
(946, 83, 'pc', 0.42, NULL, 4),
(947, 83, 'Trace N/B', 0.42, NULL, 1),
(948, 83, 'pc', 0.42, NULL, 5),
(949, 83, 'Trace N/B', 1.3, NULL, 1),
(950, 83, 'pc', 1.3, NULL, 2),
(951, 83, 'Trace N/B', 0.42, NULL, 1),
(952, 83, 'pc', 0.42, NULL, 7),
(953, 84, 'pc', 0.65, NULL, 45),
(954, 84, 'pc', 0.65, NULL, 2),
(955, 84, 'pc', 2.5, NULL, 5),
(956, 84, 'pc', 0.42, NULL, 8),
(957, 84, 'Trace couleur', 2.3, NULL, 4),
(958, 84, 'pc', 0.6, NULL, 6),
(959, 84, 'Trace N/B', 0.6, NULL, 1),
(960, 84, 'Trace couleur', 0.6, NULL, 4),
(961, 84, 'Trace couleur', 0.6, NULL, 30),
(962, 84, 'Trace couleur', 1.1, NULL, 2),
(963, 84, 'Trace N/B', 1.1, NULL, 1),
(964, 84, 'Trace N/B', 1.1, NULL, 1),
(965, 84, 'pc', 1.1, NULL, 4),
(966, 84, 'Trace N/B', 1.3, NULL, 1),
(967, 84, 'pc', 1.3, NULL, 1),
(968, 85, 'Trace couleur', 0.65, NULL, 3),
(969, 85, 'Trace couleur', 0.7, NULL, 3),
(970, 85, 'Trace N/B', 0.55, NULL, 2),
(971, 85, 'Trace couleur', 1.2, NULL, 1),
(972, 85, 'Trace N/B', 0.55, NULL, 1),
(973, 85, 'pc', 0.55, NULL, 3),
(974, 85, 'Trace couleur', 1.2, NULL, 2),
(975, 86, 'Trace N/B', 0.42, NULL, 1),
(976, 86, 'pc', 0.42, NULL, 7),
(981, 87, 'pc', 1.3, NULL, 8),
(982, 87, 'A4 NOIR SUR PAPIER', 1, NULL, 510),
(983, 88, 'SCAN A0 COULEUR', 1, NULL, 11),
(984, 89, 'Trace couleur', 0.8, NULL, 3),
(985, 89, 'Trace couleur', 1.3, NULL, 4),
(986, 23, 'pc', 1.1, NULL, 1),
(987, 23, 'pc', 0.75, NULL, 1),
(988, 23, 'pc', 1.5, NULL, 1),
(989, 23, 'pc', 1.3, NULL, 1),
(990, 23, 'pc', 1.5, NULL, 1),
(991, 23, 'pc', 1.5, NULL, 1),
(992, 23, 'pc', 1.5, NULL, 1),
(993, 23, 'pc', 1.6, NULL, 1),
(994, 23, 'pc', 1.5, NULL, 1),
(995, 23, 'pc', 0.75, NULL, 2),
(996, 23, 'Calque', 0.75, NULL, 1),
(997, 23, 'Calque', 0.78, NULL, 1),
(998, 23, 'Calque', 1.15, NULL, 1),
(999, 23, 'Calque', 0.98, NULL, 1),
(1000, 23, 'pc', 0.85, NULL, 5),
(1001, 43, 'Trace N/B', 1.2, NULL, 1),
(1002, 43, 'pc', 1.2, NULL, 2),
(1003, 43, 'Trace N/B', 1.2, NULL, 1),
(1004, 43, 'pc', 1.2, NULL, 8),
(1005, 43, 'pc', 1.5, NULL, 2),
(1006, 43, 'pc', 0.91, NULL, 7),
(1007, 43, 'pc', 1.12, NULL, 28),
(1008, 43, 'pc', 0.62, NULL, 42),
(1009, 43, 'pc', 1.2, NULL, 6),
(1010, 43, 'pc', 0.55, NULL, 6),
(1011, 43, 'Trace N/B', 1.2, NULL, 1),
(1012, 43, 'pc', 1.2, NULL, 6),
(1013, 90, 'Trace N/B', 0.42, NULL, 1),
(1014, 90, 'pc', 0.42, NULL, 6),
(1015, 90, 'Trace N/B', 0.6, NULL, 1),
(1016, 90, 'pc', 0.6, NULL, 8),
(1017, 90, 'Trace N/B', 0.52, NULL, 1),
(1018, 90, 'Trace N/B', 0.42, NULL, 1),
(1019, 90, 'Trace N/B', 0.42, NULL, 1),
(1020, 90, 'pc', 0.52, NULL, 7),
(1021, 90, 'pc', 0.42, NULL, 6),
(1022, 90, 'pc', 0.42, NULL, 6),
(1023, 90, 'pc', 1.3, NULL, 1),
(1024, 90, 'Trace N/B', 0.5, NULL, 1),
(1025, 90, 'pc', 0.5, NULL, 6),
(1026, 90, 'A3 COULEUR', 1, NULL, 81),
(1027, 30, 'pc', 1.45, NULL, 5),
(1028, 30, 'Calque stable', 1.2, NULL, 1),
(1029, 32, 'A4 COULEUR', 1, NULL, 21),
(1030, 32, 'A3 COULEUR', 1, NULL, 3),
(1031, 32, 'Trace N/B', 0.8, NULL, 2),
(1032, 32, 'pc', 0.8, NULL, 10),
(1033, 33, 'Trace N/B', 1.45, NULL, 3),
(1034, 33, 'pc', 1.45, NULL, 18),
(1035, 33, 'Trace couleur', 1.6, NULL, 2),
(1036, 33, 'Trace N/B', 1.6, NULL, 6),
(1037, 33, 'SCAN A0 COULEUR', 1, NULL, 1),
(1038, 33, 'Trace N/B', 1.6, NULL, 4),
(1039, 33, 'Trace N/B', 0.42, NULL, 6),
(1040, 33, 'Trace couleur', 0.42, NULL, 30),
(1041, 91, 'Trace N/B', 1.22, NULL, 1),
(1042, 91, 'pc', 1.22, NULL, 1),
(1043, 91, 'Trace N/B', 0.95, NULL, 2),
(1044, 91, 'pc', 0.95, NULL, 2),
(1045, 91, 'Trace N/B', 1.2, NULL, 1),
(1046, 91, 'pc', 1.2, NULL, 1),
(1047, 91, 'Trace N/B', 1.5, NULL, 1),
(1048, 91, 'pc', 1.5, NULL, 1),
(1049, 91, 'Trace N/B', 0.7, NULL, 1),
(1050, 91, 'pc', 0.7, NULL, 1),
(1051, 91, 'Trace N/B', 0.9, NULL, 1),
(1052, 91, 'pc', 0.9, NULL, 1),
(1053, 92, 'Calque', 0.95, NULL, 1),
(1054, 92, 'pc', 0.95, NULL, 2),
(1055, 93, 'Calque', 1.9, NULL, 1),
(1056, 93, 'Calque', 1.1, NULL, 1),
(1057, 93, 'pc', 1.9, NULL, 3),
(1058, 93, 'pc', 1.1, NULL, 3),
(1059, 93, 'pc', 0.42, NULL, 5),
(1060, 93, 'A3 COULEUR SUR PAPIER PHOTO', 1, NULL, 23),
(1061, 93, 'Spirale', 1, NULL, 1),
(1062, 93, 'Calque', 1.2, NULL, 4),
(1063, 93, 'pc', 1.2, NULL, 16),
(1064, 94, 'Trace couleur', 1.3, NULL, 1),
(1065, 94, 'Trace couleur', 0.8, NULL, 1),
(1066, 94, 'Trace couleur', 2.1, NULL, 1),
(1067, 94, 'Trace couleur', 1.5, NULL, 1),
(1068, 94, 'Trace couleur', 0.42, NULL, 1),
(1069, 94, 'Trace couleur', 0.42, NULL, 1),
(1070, 94, 'Trace N/B', 1.3, NULL, 1),
(1071, 94, 'Trace N/B', 0.8, NULL, 1),
(1072, 94, 'Trace N/B', 2.1, NULL, 1),
(1073, 94, 'Trace N/B', 1.5, NULL, 1),
(1074, 94, 'Trace N/B', 0.42, NULL, 1),
(1075, 94, 'Trace N/B', 0.42, NULL, 1),
(1076, 94, 'Trace N/B', 1.5, NULL, 6),
(1077, 94, 'Trace N/B', 1.5, NULL, 1),
(1078, 95, 'Trace N/B', 2.26, NULL, 1),
(1079, 95, 'pc', 2.26, NULL, 1),
(1080, 96, 'Trace N/B', 0.8, NULL, 2),
(1081, 96, 'Trace N/B', 1, NULL, 5),
(1082, 96, 'Trace N/B', 1.1, NULL, 1),
(1083, 96, 'Trace N/B', 1, NULL, 1),
(1084, 96, 'pc', 1, NULL, 1),
(1085, 96, 'Trace N/B', 0.6, NULL, 1),
(1086, 96, 'pc', 0.6, NULL, 1),
(1087, 96, 'Trace couleur', 1.2, NULL, 2),
(1088, 96, 'Trace couleur', 1.25, NULL, 2),
(1089, 96, 'Trace N/B', 1.25, NULL, 1),
(1090, 96, 'Calque', 1.25, NULL, 1),
(1091, 96, 'Trace couleur', 0.8, NULL, 4),
(1092, 96, 'Calque stable', 0.8, NULL, 2),
(1093, 96, 'Calque stable', 1.6, NULL, 1),
(1094, 39, 'pc', 0.8, NULL, 4),
(1095, 39, 'pc', 0.65, NULL, 5),
(1096, 39, 'pc', 0.42, NULL, 9),
(1097, 39, 'pc', 0.58, NULL, 9),
(1098, 39, 'pc', 0.6, NULL, 5),
(1099, 39, 'pc', 0.5, NULL, 5),
(1100, 97, 'pc', 1.1, NULL, 10),
(1101, 97, 'Trace N/B', 1, NULL, 1),
(1102, 97, 'pc', 1, NULL, 5),
(1103, 97, 'Trace N/B', 1, NULL, 2),
(1104, 97, 'pc', 1, NULL, 2),
(1105, 97, 'pc', 0.95, NULL, 3),
(1106, 97, 'Trace N/B', 0.95, NULL, 8),
(1107, 97, 'Trace N/B', 1.4, NULL, 1),
(1108, 97, 'pc', 0.95, NULL, 33),
(1109, 97, 'pc', 1.4, NULL, 4),
(1110, 97, 'Trace N/B', 1.4, NULL, 2),
(1111, 97, 'pc', 1.4, NULL, 10),
(1112, 97, 'Trace N/B', 1.2, NULL, 2),
(1113, 97, 'pc', 1.2, NULL, 10),
(1114, 98, 'A3 COULEUR', 1, NULL, 9),
(1115, 99, 'Trace N/B', 1.15, NULL, 1),
(1116, 99, 'Trace N/B', 1.15, NULL, 1),
(1117, 99, 'Trace N/B', 1.2, NULL, 3),
(1118, 99, 'Trace N/B', 0.7, NULL, 1),
(1119, 99, 'Trace N/B', 1.5, NULL, 1),
(1120, 99, 'Trace N/B', 0.5, NULL, 1),
(1121, 99, 'Trace N/B', 1, NULL, 1),
(1122, 99, 'Trace N/B', 0.55, NULL, 1),
(1123, 99, 'Trace N/B', 1.1, NULL, 1),
(1124, 99, 'Trace N/B', 1.1, NULL, 1),
(1125, 99, 'pc', 1.15, NULL, 20),
(1126, 99, 'pc', 1.2, NULL, 30),
(1127, 99, 'pc', 0.65, NULL, 30),
(1128, 99, 'pc', 1.5, NULL, 10),
(1129, 99, 'pc', 1, NULL, 10),
(1130, 99, 'pc', 1.1, NULL, 20),
(1131, 100, 'Trace couleur', 0.9, NULL, 12),
(1132, 100, 'Trace couleur', 1.3, NULL, 1),
(1133, 100, 'SCAN A0 COULEUR', 1, NULL, 1),
(1134, 100, 'Trace couleur', 0.8, NULL, 2),
(1135, 100, 'Trace N/B', 1.6, NULL, 1),
(1136, 100, 'SCAN A0 COULEUR', 1, NULL, 2),
(1137, 100, 'Trace couleur', 0.42, NULL, 6),
(1138, 100, 'Trace N/B', 1.4, NULL, 1),
(1139, 100, 'pc', 1.4, NULL, 5),
(1140, 100, 'Trace couleur', 1.7, NULL, 1),
(1141, 100, 'Trace N/B', 1.7, NULL, 1),
(1142, 100, 'Trace couleur', 1.5, NULL, 1),
(1143, 100, 'Trace N/B', 1.5, NULL, 4),
(1144, 100, 'SCAN A0 COULEUR', 1, NULL, 3),
(1145, 100, 'Trace couleur', 1.25, NULL, 10),
(1146, 100, 'Trace couleur', 1.4, NULL, 8),
(1147, 101, 'Trace couleur', 3.5, NULL, 15),
(1148, 101, 'Trace N/B', 2, NULL, 3),
(1149, 101, 'Trace N/B', 2, NULL, 1),
(1150, 101, 'Trace couleur', 0.76, NULL, 2),
(1151, 101, 'Trace couleur', 1.7, NULL, 2),
(1152, 101, 'Trace couleur', 0.74, NULL, 1),
(1153, 101, 'Trace couleur', 0.75, NULL, 2),
(1154, 101, 'Trace couleur', 0.92, NULL, 3),
(1155, 101, 'Trace couleur', 0.9, NULL, 5),
(1156, 101, 'Trace N/B', 0.7, NULL, 1),
(1157, 101, 'pc', 0.7, NULL, 4),
(1158, 101, 'Trace N/B', 3.2, NULL, 3),
(1159, 101, 'pc', 3.2, NULL, 9),
(1160, 101, 'Trace couleur', 1.3, NULL, 4),
(1161, 101, 'pc', 1.2, NULL, 4),
(1162, 101, 'pc', 0.9, NULL, 2),
(1167, 102, 'Trace N/B', 1.5, NULL, 15),
(1168, 102, 'pc', 1.5, NULL, 15),
(1169, 102, 'Trace N/B', 1.3, NULL, 1),
(1170, 102, 'pc', 1.3, NULL, 2),
(1171, 102, 'Trace N/B', 0.85, NULL, 1),
(1172, 102, 'pc', 0.85, NULL, 4),
(1173, 102, 'Trace N/B', 0.55, NULL, 1),
(1174, 102, 'pc', 0.55, NULL, 5),
(1175, 102, 'Trace N/B', 0.6, NULL, 1),
(1176, 102, 'pc', 0.6, NULL, 5),
(1177, 103, 'Trace N/B', 1.6, NULL, 1),
(1178, 103, 'Trace N/B', 1.2, NULL, 1),
(1179, 103, 'Trace N/B', 1, NULL, 1),
(1180, 103, 'pc', 1.6, NULL, 4),
(1181, 103, 'pc', 1.2, NULL, 4),
(1182, 103, 'pc', 1, NULL, 4),
(1183, 103, 'Trace couleur sur papier photo', 1.2, NULL, 1),
(1184, 103, 'A4 COULEUR SUR PAPIER', 1, NULL, 12),
(1185, 103, 'Spirale', 1, NULL, 1),
(1186, 103, 'A4 COULEUR SUR PAPIER', 1, NULL, 8),
(1187, 103, 'Spirale', 1, NULL, 1),
(1188, 104, 'Trace N/B', 1.2, NULL, 1),
(1189, 104, 'pc', 1.2, NULL, 1),
(1190, 104, 'pc', 1.6, NULL, 2),
(1191, 104, 'Trace N/B', 1.28, NULL, 4),
(1192, 104, 'pc', 1.28, NULL, 28),
(1193, 104, 'Trace N/B', 0.7, NULL, 1),
(1194, 104, 'pc', 0.7, NULL, 4),
(1195, 104, 'Trace N/B', 0.7, NULL, 4),
(1196, 104, 'pc', 0.7, NULL, 12),
(1197, 104, 'pc', 0.92, NULL, 8),
(1198, 104, 'Trace N/B', 1.28, NULL, 3),
(1199, 104, 'pc', 1.28, NULL, 21),
(1200, 104, 'Trace N/B', 0.84, NULL, 1),
(1201, 104, 'pc', 0.84, NULL, 7),
(1202, 104, 'pc', 1.28, NULL, 4),
(1203, 105, 'pc', 1.6, NULL, 13),
(1204, 105, 'Spirale', 1, NULL, 1),
(1205, 105, 'A4 NOIR SUR PAPIER', 1, NULL, 160),
(1206, 105, 'Trace couleur', 0.6, NULL, 2),
(1207, 105, 'pc', 1.6, NULL, 6),
(1208, 105, 'pc', 1.2, NULL, 3),
(1209, 106, 'Trace N/B', 0.87, NULL, 1),
(1210, 106, 'pc', 0.87, NULL, 7),
(1211, 106, 'Trace N/B', 1.4, NULL, 4),
(1212, 106, 'Trace N/B', 1.2, NULL, 2),
(1213, 106, 'Trace N/B', 0.6, NULL, 1),
(1214, 106, 'Trace N/B', 1.3, NULL, 1),
(1215, 106, 'Trace N/B', 0.95, NULL, 1),
(1216, 106, 'Trace N/B', 1.6, NULL, 1),
(1217, 106, 'A3 COULEUR SUR PAPIER PHOTO', 1, NULL, 8),
(1218, 106, 'Spirale', 1, NULL, 1),
(1219, 106, 'A3 COULEUR SUR PAPIER PHOTO', 1, NULL, 3),
(1220, 106, 'Spirale', 1, NULL, 1),
(1221, 106, 'Trace N/B', 0.42, NULL, 1),
(1222, 106, 'pc', 0.42, NULL, 4),
(1223, 107, 'Trace N/B', 1.5, NULL, 2),
(1224, 107, 'pc', 1.5, NULL, 6),
(1225, 107, 'Trace couleur', 1.4, NULL, 1),
(1226, 107, 'Trace couleur', 1.3, NULL, 3),
(1227, 107, 'SCAN A0 COULEUR', 1, NULL, 1),
(1228, 107, 'Trace couleur', 0.95, NULL, 15),
(1229, 107, 'Trace N/B', 0.65, NULL, 1),
(1230, 107, 'pc', 0.65, NULL, 14),
(1231, 107, 'Trace N/B', 1.1, NULL, 2),
(1232, 107, 'pc', 1.1, NULL, 4),
(1233, 107, 'pc', 0.7, NULL, 1),
(1234, 107, 'Trace couleur', 0.42, NULL, 1),
(1235, 107, 'pc', 0.42, NULL, 2),
(1236, 40, 'Trace N/B', 0.8, NULL, 1),
(1237, 40, 'pc', 0.8, NULL, 3),
(1238, 40, 'Trace N/B', 1.2, NULL, 3),
(1239, 40, 'pc', 1.2, NULL, 1),
(1240, 40, 'Trace N/B', 1.2, NULL, 1),
(1241, 40, 'Trace N/B', 0.8, NULL, 1),
(1242, 40, 'Trace couleur', 1.8, NULL, 5),
(1243, 40, 'Trace N/B', 1.5, NULL, 1),
(1244, 40, 'Trace N/B', 1.8, NULL, 1),
(1245, 40, 'pc', 1.8, NULL, 2),
(1246, 40, 'pc', 1.5, NULL, 2),
(1247, 40, 'Trace couleur', 2.2, NULL, 2),
(1248, 40, 'SCAN A0 COULEUR', 1, NULL, 1),
(1249, 40, 'Trace couleur', 1.22, NULL, 1),
(1250, 40, 'Trace couleur', 1.1, NULL, 4),
(1251, 72, 'Trace couleur', 0.45, NULL, 5),
(1252, 72, 'Trace N/B', 1.1, NULL, 1),
(1253, 72, 'Trace N/B', 1.6, NULL, 1),
(1254, 72, 'Trace N/B', 0.68, NULL, 1),
(1255, 72, 'Trace N/B', 2, NULL, 2),
(1256, 72, 'pc', 0.42, NULL, 1),
(1257, 72, 'pc', 0.6, NULL, 1),
(1258, 72, 'Trace N/B', 1.1, NULL, 1),
(1259, 72, 'Trace N/B', 0.9, NULL, 1),
(1260, 72, 'pc', 1.1, NULL, 1),
(1262, 109, 'pc', 0.95, NULL, 1),
(1271, 108, 'Trace couleur', 1.3, NULL, 1),
(1272, 108, 'pc', 1.6, NULL, 1),
(1273, 108, 'pc', 1.2, NULL, 4),
(1274, 108, 'pc', 1.3, NULL, 2),
(1275, 108, 'pc', 0.75, NULL, 2),
(1276, 108, 'pc', 1, NULL, 2),
(1277, 108, 'pc', 0.95, NULL, 2),
(1278, 108, 'Trace couleur', 1.2, NULL, 1),
(1279, 108, 'Trace N/B', 1.2, NULL, 2),
(1280, 108, 'Trace N/B', 1.4, NULL, 6),
(1281, 108, 'pc', 1.6, NULL, 1),
(1282, 113, 'Trace N/B', 0.82, NULL, 1),
(1283, 113, 'pc', 0.82, NULL, 1),
(1286, 115, 'pc', 1.8, NULL, 14),
(1293, 110, 'Trace N/B', 0.42, NULL, 1),
(1294, 110, 'pc', 0.42, NULL, 4),
(1295, 110, 'Trace N/B', 0.42, NULL, 1),
(1296, 110, 'pc', 0.42, NULL, 6),
(1317, 111, 'pc', 1.15, NULL, 2),
(1318, 111, 'pc', 1.15, NULL, 2),
(1319, 111, 'Trace N/B', 0.64, NULL, 1),
(1320, 111, 'pc', 0.64, NULL, 1),
(1321, 111, 'pc', 1.2, NULL, 10),
(1322, 111, 'Trace N/B', 0.64, NULL, 1),
(1323, 111, 'pc', 0.64, NULL, 5),
(1324, 120, 'Trace N/B', 1.4, NULL, 1),
(1325, 120, 'Trace N/B', 1.1, NULL, 1),
(1326, 120, 'pc', 1.1, NULL, 1),
(1327, 120, 'Trace N/B', 16.31, NULL, 1),
(1328, 120, 'pc', 65.24, NULL, 1),
(1329, 120, 'Trace N/B', 0.62, NULL, 7),
(1330, 120, 'pc', 0.62, NULL, 26),
(1331, 120, 'Trace N/B', 1, NULL, 1),
(1332, 120, 'pc', 1, NULL, 3),
(1333, 121, 'Trace N/B', 2.2, NULL, 1),
(1334, 121, 'Trace N/B', 2, NULL, 1),
(1335, 121, 'Trace N/B', 2, NULL, 1),
(1336, 121, 'Trace N/B', 2.2, NULL, 1),
(1337, 121, 'Trace N/B', 2.1, NULL, 1),
(1338, 121, 'Trace N/B', 2.2, NULL, 1),
(1339, 121, 'pc', 2.2, NULL, 8),
(1340, 121, 'pc', 2, NULL, 8),
(1341, 121, 'pc', 2, NULL, 8),
(1342, 121, 'pc', 2.2, NULL, 8),
(1343, 121, 'pc', 2.1, NULL, 8),
(1344, 121, 'pc', 2.2, NULL, 8),
(1345, 119, 'Trace N/B', 1.2, NULL, 1),
(1346, 119, 'Trace N/B', 1.7, NULL, 1),
(1347, 119, 'Trace N/B', 0.55, NULL, 1),
(1348, 119, 'Trace N/B', 0.55, NULL, 1),
(1349, 119, 'Trace N/B', 1.1, NULL, 1),
(1350, 119, 'pc', 1.2, NULL, 1),
(1351, 119, 'pc', 1.7, NULL, 1),
(1352, 119, 'pc', 0.55, NULL, 1),
(1353, 119, 'pc', 0.55, NULL, 1),
(1354, 119, 'pc', 1.1, NULL, 1),
(1355, 119, 'Trace N/B', 0.42, NULL, 1),
(1356, 119, 'pc', 0.42, NULL, 4),
(1357, 112, 'SCAN A0 COULEUR', 1, NULL, 1),
(1358, 112, 'Trace couleur', 1.6, NULL, 4),
(1359, 112, 'pc', 0.55, NULL, 3),
(1360, 112, 'pc', 0.55, NULL, 3),
(1361, 112, 'pc', 0.55, NULL, 3),
(1362, 112, 'pc', 1.2, NULL, 3),
(1363, 112, 'pc', 1.2, NULL, 3),
(1364, 112, 'pc', 1.2, NULL, 3),
(1365, 112, 'pc', 1.05, NULL, 3),
(1366, 122, 'Trace N/B', 3.4, NULL, 2),
(1367, 122, 'Trace couleur', 2.8, NULL, 5),
(1368, 122, 'Trace couleur', 2.8, NULL, 5),
(1369, 122, 'Trace couleur', 1.6, NULL, 5),
(1370, 122, 'Trace couleur', 1, NULL, 5),
(1371, 122, 'Trace couleur', 1, NULL, 5),
(1374, 116, 'Trace N/B', 0.42, NULL, 1),
(1375, 116, 'pc', 0.42, NULL, 7),
(1376, 116, 'Trace N/B', 0.42, NULL, 1),
(1377, 116, 'pc', 0.42, NULL, 4),
(1383, 64, 'Trace couleur', 0.8, NULL, 1),
(1384, 64, 'pc', 0.8, NULL, 2),
(1385, 64, 'pc', 0.5, NULL, 2),
(1392, 124, 'Trace N/B', 1.3, NULL, 1),
(1393, 124, 'Trace N/B', 1.3, NULL, 1),
(1394, 124, 'pc', 1.3, NULL, 4),
(1395, 124, 'A3 COULEUR SUR  PAPIER PHOTO', 1, NULL, 27),
(1396, 124, 'Spirale', 1, NULL, 2),
(1397, 117, 'Trace N/B', 1.6, NULL, 2),
(1398, 117, 'Trace N/B', 1, NULL, 1),
(1399, 117, 'Calque stable', 1.3, NULL, 1),
(1400, 117, 'Calque stable', 1.3, NULL, 1),
(1401, 117, 'Trace N/B', 1.3, NULL, 1),
(1402, 117, 'PC', 1.3, NULL, 3),
(1403, 117, 'Trace N/B', 1.3, NULL, 1),
(1404, 117, 'PC', 1.3, NULL, 3),
(1405, 125, 'Trace couleur', 0.75, NULL, 4),
(1406, 114, 'Trace couleur', 1.2, NULL, 3),
(1407, 114, 'pc', 0.5, NULL, 5),
(1408, 114, 'Trace couleur', 1.2, NULL, 1),
(1409, 114, 'pc', 1.2, NULL, 2),
(1410, 114, 'Trace couleur', 2.1, NULL, 2),
(1411, 114, 'Trace couleur', 1.1, NULL, 1),
(1412, 114, 'Trace couleur', 1.4, NULL, 3),
(1413, 114, 'pc', 1.4, NULL, 4),
(1414, 126, 'Calque', 0.85, NULL, 1),
(1415, 126, 'Calque', 0.8, NULL, 1),
(1416, 126, 'Calque', 0.75, NULL, 1),
(1417, 126, 'Calque', 0.75, NULL, 1),
(1418, 123, 'SCAN A0 COULEUR', 1, NULL, 2),
(1419, 123, 'SCAN A0 COULEUR', 1, NULL, 5),
(1420, 118, 'Trace N/B', 0.42, NULL, 1),
(1421, 118, 'Trace N/B', 0.42, NULL, 3),
(1422, 118, 'Trace N/B', 0.8, NULL, 1),
(1423, 118, 'pc', 0.8, NULL, 7),
(1424, 118, 'Trace N/B', 0.7, NULL, 1),
(1425, 118, 'pc', 1.2, NULL, 1),
(1426, 118, 'Trace N/B', 0.42, NULL, 1),
(1427, 118, 'pc', 0.42, NULL, 7);

-- --------------------------------------------------------

--
-- Structure de la table `ligne_facture`
--

CREATE TABLE IF NOT EXISTS `ligne_facture` (
  `ID_LIGNE_FACTURE` int(11) NOT NULL AUTO_INCREMENT,
  `ID_FACTURE` int(11) DEFAULT NULL,
  `QTE` double DEFAULT NULL,
  `PRIX_HT` double DEFAULT NULL,
  `DESIGNATION` varchar(200) DEFAULT NULL,
  PRIMARY KEY (`ID_LIGNE_FACTURE`)
) ENGINE=InnoDB  DEFAULT CHARSET=latin1 AUTO_INCREMENT=551 ;

--
-- Contenu de la table `ligne_facture`
--

INSERT INTO `ligne_facture` (`ID_LIGNE_FACTURE`, `ID_FACTURE`, `QTE`, `PRIX_HT`, `DESIGNATION`) VALUES
(43, 23, 1, 1040.42, 'TRACAGE DE PLAN SUR PAPIER'),
(45, 25, 200, 5.4, 'color nakhla  0,20x0,30 fois 200'),
(46, 25, 250, 4.5, 'Etiquette vinyle   0,27x0,18 fois 250'),
(47, 25, 250, 4.5, 'Etiquette vinyle  0,27x0,18 fois 250'),
(48, 25, 250, 4.5, 'Etiquette vinyle  0,27x0,18 fois 250'),
(49, 25, 250, 2.7, 'Etiquette vinyle  0,20x0,13 fois 250'),
(50, 25, 300, 1.5, 'Jetton Plastifié 100Pts '),
(51, 25, 300, 1.5, 'Jetton Plastifié 80Pts '),
(52, 26, 1, 200, 'Tirage de plans sur papier'),
(53, 27, 1, 1178, 'Tracage de plan sur papier'),
(60, 29, 23, 12, 'Tirage de plans sur papier '),
(68, 31, 1, 3300.94, 'Tirage de plans sur papier'),
(69, 32, 1, 546.67, 'Tirage et tracage de plans'),
(70, 33, 9, 58, 'IMPRESSION  DE PLANS SUR PAPIER COULEUR'),
(71, 34, 1, 70.2, 'Tirage de plans'),
(72, 35, 1, 150, 'Tirage de plans'),
(73, 36, 1, 72, 'Tirage de plans'),
(74, 37, 1, 362.5, 'Tirage de plans'),
(75, 38, 1, 220.8, 'Tirage de plans'),
(76, 39, 25, 12, 'Tirage de plans sur papier'),
(77, 40, 1, 900, 'Tirage de plans '),
(78, 41, 1, 241.67, 'Tirage de plans sur papier'),
(83, 43, 44, 50, 'ml TRACAGE SUR PAPIER COULEUR'),
(84, 43, 7, 20, 'ml TRACAGE SUR PAPIER  NOIR'),
(85, 43, 31, 12, 'TIRAGE DE PLAN SUR PAPIER'),
(86, 43, 67, 1, 'A4 NOIR SUR PAPIER '),
(87, 43, 2, 70, 'SCAN A0 COULEUR'),
(88, 43, 3, 4, 'A4 COULEUR SUR PAPIER '),
(89, 43, 3, 7, 'A3 COULEUR SUR PAPIER '),
(90, 43, 18, 1, 'A3 NOIR SUR PAPIER COPIE'),
(91, 43, 107, 0.25, 'A4 NOIR SUR PAPIER COPIE'),
(92, 44, 1, 999.85, 'Tirage de plans sur papier'),
(93, 45, 1, 3798, 'Tirage de plans sur papier'),
(94, 46, 1, 145.5, 'Tirage de plans'),
(100, 48, 1, 771.67, 'Tirage et tracage de plans'),
(101, 49, 1, 729.8, 'TIRAGE DE PLAN SUR PAPIER'),
(102, 50, 1, 60, 'TIRAGE DE PLAN SUR PAPIER'),
(103, 51, 1, 50, 'ml TRACAGE SUR CALQUE'),
(104, 51, 2, 10, 'ml TIRAGE DE PLANS SUR PAPIER '),
(105, 52, 1, 814, 'TIRAGE DE PLAN SUR PAPIER COULEUR'),
(106, 53, 1, 4243.2, 'TIRAGE DE PLAN SUR PAPIER'),
(107, 54, 4, 12, 'ml TIRAGE DE PLAN SUR PAPIER'),
(108, 54, 6, 30, 'ml TRACAGE DE PLAN SUR PAPIER  '),
(109, 54, 9, 65, 'ml TRACAGE DE PLAN COULEUR'),
(110, 54, 1, 70, 'SCAN A0'),
(111, 54, 1, 1, ' A4 NOIR '),
(112, 55, 1, 100, 'TIRAGE DE PLAN SUR PAPIER'),
(124, 58, 23.65, 10, 'ml Tirage de plan sur papier'),
(125, 58, 26.1, 30, 'ml TRACAGE SUR PAPIER  NOIR'),
(126, 58, 23.14, 60, 'ml TRACAGE SUR PAPIER COULEUR'),
(127, 58, 4, 50, 'ml Tracage sur calque'),
(128, 58, 6, 4, 'A4 COULEUR '),
(140, 60, 36, 60, '3 Impression sur bache 4x3m (HAMZA EL HAMZA)'),
(141, 60, 4, 80, '4 Impression sur vinyle 0.50x2m (HAMZA EL HAMZA PP1etPP2)'),
(142, 60, 5.76, 80, '6 Impression sur vinyle 0.8x1.20m (Spécial Weekend)'),
(143, 60, 1.51, 80, '3 Impression sur vinyle 1.44x0.35m (Spécial Weekend)'),
(144, 60, 0.75, 80, '3 Impression sur vinyle 1x0.25m (Spécial Weekend)'),
(145, 60, 1.8, 80, '6 Impression sur vinyle 1.20x0.25m (Spécial Weekend)'),
(146, 60, 3.6, 80, '6 Impression sur vinyle 1.20x0.50 (Spécial Weekend)'),
(147, 60, 0.56, 80, 'Impression sur vinyle 0.70x0.80m (Espce Hi-tech)'),
(148, 60, 0.69, 80, '2 Impression sur vinyle 0.43x0.80m (Espce Hi-tech)'),
(149, 60, 1.5, 80, 'Impression sur vinyle 1.25x0.20m (Espce Hi-tech)'),
(150, 60, 1.08, 80, '2 Impression sur vinyle 1.08x0.50 (Espce Hi-tech)'),
(151, 60, 1, 12, 'test'),
(152, 0, 36, 60, '3 Impression sur bache 4x3m (HAMZA EL HAMZA)'),
(153, 0, 4, 80, '4 Impression sur vinyle 0.50x2m (HAMZA EL HAMZA PP1etPP2)'),
(154, 0, 5.76, 80, '6 Impression sur vinyle 0.8x1.20m (Spécial Weekend)'),
(155, 0, 1.51, 80, '3 Impression sur vinyle 1.44x0.35m (Spécial Weekend)'),
(156, 0, 0.75, 80, '3 Impression sur vinyle 1x0.25m (Spécial Weekend)'),
(157, 0, 1.8, 80, '6 Impression sur vinyle 1.20x0.25m (Spécial Weekend)'),
(158, 0, 3.6, 80, '6 Impression sur vinyle 1.20x0.50 (Spécial Weekend)'),
(159, 0, 0.56, 80, 'Impression sur vinyle 0.70x0.80m (Espce Hi-tech)'),
(160, 0, 0.69, 80, '2 Impression sur vinyle 0.43x0.80m (Espce Hi-tech)'),
(161, 0, 1.5, 80, 'Impression sur vinyle 1.25x0.20m (Espce Hi-tech)'),
(162, 0, 1.08, 80, '2 Impression sur vinyle 1.08x0.50 (Espce Hi-tech)'),
(163, 0, 36, 60, '3 Impression sur bache 4x3m (HAMZA EL HAMZA)'),
(164, 0, 4, 80, '4 Impression sur vinyle 0.50x2m (HAMZA EL HAMZA PP1etPP2)'),
(165, 0, 5.76, 80, '6 Impression sur vinyle 0.8x1.20m (Spécial Weekend)'),
(166, 0, 1.51, 80, '3 Impression sur vinyle 1.44x0.35m (Spécial Weekend)'),
(167, 0, 0.75, 80, '3 Impression sur vinyle 1x0.25m (Spécial Weekend)'),
(168, 0, 1.8, 80, '6 Impression sur vinyle 1.20x0.25m (Spécial Weekend)'),
(169, 0, 3.6, 80, '6 Impression sur vinyle 1.20x0.50 (Spécial Weekend)'),
(170, 0, 0.56, 80, 'Impression sur vinyle 0.70x0.80m (Espce Hi-tech)'),
(171, 0, 0.69, 80, '2 Impression sur vinyle 0.43x0.80m (Espce Hi-tech)'),
(172, 0, 1.5, 80, 'Impression sur vinyle 1.25x0.20m (Espce Hi-tech)'),
(173, 0, 1.08, 80, '2 Impression sur vinyle 1.08x0.50 (Espce Hi-tech)'),
(174, 0, 36, 60, '3 Impression sur bache 4x3m (HAMZA EL HAMZA)'),
(175, 0, 4, 80, '4 Impression sur vinyle 0.50x2m (HAMZA EL HAMZA PP1etPP2)'),
(176, 0, 5.76, 80, '6 Impression sur vinyle 0.8x1.20m (Spécial Weekend)'),
(177, 0, 1.51, 80, '3 Impression sur vinyle 1.44x0.35m (Spécial Weekend)'),
(178, 0, 0.75, 80, '3 Impression sur vinyle 1x0.25m (Spécial Weekend)'),
(179, 0, 1.8, 80, '6 Impression sur vinyle 1.20x0.25m (Spécial Weekend)'),
(180, 0, 3.6, 80, '6 Impression sur vinyle 1.20x0.50 (Spécial Weekend)'),
(181, 0, 0.56, 80, 'Impression sur vinyle 0.70x0.80m (Espce Hi-tech)'),
(182, 0, 0.69, 80, '2 Impression sur vinyle 0.43x0.80m (Espce Hi-tech)'),
(183, 0, 1.5, 80, 'Impression sur vinyle 1.25x0.20m (Espce Hi-tech)'),
(184, 0, 1.08, 80, '2 Impression sur vinyle 1.08x0.50 (Espce Hi-tech)'),
(263, 0, 0, 0, 'Tracage de plans sur papier noir'),
(268, 61, 1, 291.39, 'Tracage de plans sur papier noir'),
(316, 67, 33.62, 50, 'ml TRACAGE SUR PAPIER COULEUR'),
(317, 67, 3.15, 20, 'ml TRACAGE SUR PAPIER  NOIR'),
(318, 67, 13.48, 12, 'TIRAGE DE PLAN SUR PAPIER'),
(319, 67, 9, 1, 'A4 NOIR SUR PAPIER '),
(320, 67, 44, 4, 'A4 COULEUR SUR PAPIER '),
(321, 65, 1, 800, 'Tirage et Scan de plans couleur'),
(323, 66, 1, 800, 'Tirage et Scan de plans couleur'),
(324, 64, 1, 800, 'Tirage et Scan de plans couleur'),
(325, 68, 40, 37, 'SEPARATEUR DE CAISSE AVEC MOTIF LAMINE  ALLUMINIUM 4cm x 0,35cm'),
(328, 0, 0, 0, 'Tracage de plans sur papier couleur'),
(331, 71, 1, 660.2, 'Tirage de plans sur papier '),
(332, 72, 1, 1333.33, 'Tracage de plans sur papier noir'),
(333, 42, 1, 1317.17, 'Tracé de plan '),
(340, 73, 1, 19226.79, 'TIRAGE DE PLANS'),
(341, 74, 23.2, 13, 'Tirage de plans'),
(342, 57, 71.24, 60, 'Conception et Impression sur bache '),
(343, 57, 7.27, 80, 'Conception, Impression sur vinyle + pose  '),
(344, 59, 52.63, 60, 'Conception et Impression sur bache'),
(345, 59, 54.56, 80, 'Conception et Impression sur Vinyle + pose'),
(346, 59, 210, 17, 'Feuilles A4 plastifiés + découpe'),
(347, 63, 2.22, 80, 'M² Impression sur vinyle + Pose'),
(348, 63, 20, 17, 'A4 Couleur Plastifé + découpe'),
(349, 63, 1, 150, 'PlexyGlass 150'),
(351, 70, 1, 6166.67, ' TIRAGE DE PLANS SUR PAPIER 			'),
(352, 75, 0, 0, 'test'),
(353, 76, 0, 0, 'te'),
(354, 69, 1, 0, 'Test'),
(355, 77, 95.51, 10, 'TIrage de plans sur papier noir'),
(356, 78, 3.63, 20, 'Tracage de plans sur papier noir'),
(357, 78, 2.46, 10, 'Tirage de plans sur papier noir'),
(358, 79, 120, 60, 'test'),
(359, 80, 11, 65, 'Tracage de plans sur papier couleur'),
(360, 80, 34.02, 30, 'Tracage de plans sur papier noir'),
(361, 80, 23.1, 12, 'Tirage de plan sur papier'),
(362, 81, 19.72, 25, 'ml TRACAGE SUR PAPIER  NOIR'),
(363, 81, 30.19, 45, 'ml TRACAGE SUR PAPIER COULEUR'),
(364, 81, 18.5, 10, 'ml PHOTOCOPIE DE PLAN SUR PAPIER'),
(365, 81, 4, 60, 'SCAN'),
(366, 81, 10, 2, 'A3 NOIR '),
(367, 82, 34.51, 45, 'ml TRACAGE SUR PAPIER COULEUR'),
(368, 82, 117.13, 25, 'ml TRACAGE SUR PAPIER  NOIR'),
(369, 82, 22, 10, 'ml TIRAGE DE PLAN SUR PAPIER'),
(370, 82, 14, 6, 'A3 COULEUR '),
(371, 82, 2, 3, 'A4 COULEUR '),
(377, 84, 1, 130, 'TRACAGE SUR PAPIER  NOIR'),
(378, 85, 136.4, 10, 'ml PHOTOCOPIE DE PLAN SUR PAPIER  NOIR'),
(379, 85, 27.52, 30, 'ml TRACAGE SUR PAPIER  NOIR'),
(380, 85, 8.44, 60, 'ml TRACAGE SUR PAPIER COULEUR'),
(381, 85, 4.46, 50, 'ml TRACAGE SUR CALQUE'),
(382, 85, 5, 70, 'SCAN A0 COULEUR'),
(383, 86, 165.81, 8.33, 'PHOTOCOPIE DE PLAN SUR PAPIER'),
(384, 87, 170.6, 10, 'ml PHOTOCOPIE DE PLAN SUR PAPIER  NOIR'),
(385, 87, 16.3, 20, 'ml TRACAGE DE PLANS SUR PAPIER  NOIR'),
(386, 88, 6.61, 25, 'ml TRACAGE SUR PAPIER  NOIR'),
(387, 88, 6.72, 8.5, 'ml PHOTOCOPIE DE PLANS SUR PAPIER '),
(388, 88, 3.66, 58.5, 'ml TRACAGE SUR PAPIER COULEUR'),
(389, 88, 4, 10, 'A3 COULEUR SUR PAPIER PHOTO'),
(390, 89, 1.5, 20, 'ml TRACAGE SUR PAPIER  NOIR'),
(391, 89, 5.98, 50, 'ml TRACAGE SUR CALQUE'),
(392, 89, 7.15, 10, 'ml PHOTOCOPIE SUR PAPIER  NOIR'),
(393, 90, 2, 250, 'Indication Horaire d''ouverture en plexiglass, Vinyle et Lamination'),
(394, 91, 13.76, 12, 'Tirage de plans sur papier noir'),
(395, 62, 6.3, 10, 'ML TIRAGE DE PLANS SUR PAPIER'),
(396, 62, 1.26, 20, 'ML  TRACAGE SUR PAPIER '),
(397, 62, 1.68, 60, 'ML  TRACAGE SUR PAPIER COULEUR'),
(398, 92, 2.53, 25, 'Tracage de plans sur papier noir'),
(399, 92, 23.12, 10, 'Photocopies de plans sur papier'),
(400, 92, 1.1, 200, 'Tracage de plans sur papier photo couleur'),
(401, 92, 530, 3.5, 'A4 tracage couleur'),
(402, 92, 93, 7.5, 'A3 tracage couleur'),
(403, 92, 1387, 0.7, 'A3 copies noir'),
(404, 92, 277, 2, 'A3 tracage noir'),
(405, 92, 13, 8, 'Spirale'),
(406, 93, 1, 216.67, 'Tirage de plan'),
(407, 94, 1, 550.83, 'TIRAGE DE PLAN SUR PAPIER'),
(410, 96, 1, 440, 'TIRAGE DE PLAN COULEUR'),
(411, 95, 1, 326.67, 'TIRAGE DE PLAN SUR PAPIER'),
(413, 97, 1, 475, 'TIRAGE DE PLAN SUR PAPIER'),
(419, 98, 25, 3, 'A4 COULEUR '),
(420, 98, 1, 7, 'A3 COULEUR'),
(421, 98, 1, 10, 'Spirale'),
(422, 83, 33.09, 30, 'ml TRACAGE SUR PAPIER  NOIR'),
(423, 83, 121.43, 10, 'ml TIRAGE SUR PAPIER  NOIR'),
(427, 99, 25.23, 50, 'ml TRACAGE SUR PAPIER COULEUR'),
(428, 99, 5.4, 20, 'ml TRACAGE SUR PAPIER NOIR'),
(429, 99, 8.7, 12, 'ml PHOTOCOPIE DE PLAN SUR PAPIER'),
(435, 102, 7.2, 500, '3 PANNEAUX VINYLE SUR PLEXY + POSE (1.20x2.00m)'),
(436, 102, 1.44, 100, '2 SIGNALISATION FLECHE HORAIRE VINYLE + POSE (0.60x1.20m)'),
(437, 102, 3.79, 100, '2 PANNEAUX VINYLE + POSE ACCUEIL-SAV (1.58x1.20m)'),
(438, 102, 2.16, 500, '3 PANNEAUX HORAIRE DE TRAVAIL VINYLE SUR PLEXY + POSE (0.90X0.80m)'),
(440, 101, 1, 455, 'Tirage de Plans N/B'),
(441, 100, 1, 4083.33, 'TIRAGE DE PLAN SUR PAPIER'),
(442, 103, 4.14, 12, 'Tirage de plans sur papier noir'),
(444, 104, 1, 1250, 'TIRAGE DE PLAN SUR PAPIER'),
(445, 105, 1, 1800, 'Conception, Impression sur vinyle + lamination et Pose'),
(447, 106, 18.56, 12, 'Tirage de plans sur papier noir'),
(448, 107, 1, 8833.46, 'TIRAGE DE PLAN SUR PAPIER'),
(455, 109, 25.75, 80, 'Impression sur vinyle'),
(456, 109, 1, 150, 'PlexyGlass '),
(465, 110, 33.72, 50, 'ml TRACAGE SUR PAPIER COULEUR'),
(466, 110, 2.77, 20, 'ml TRACAGE SUR PAPIER  NOIR'),
(467, 110, 17.32, 12, 'ml PHOTOCOPIE DE PLAN SUR PAPIER'),
(468, 110, 3, 70, 'SCAN A0 COULEUR'),
(485, 112, 1, 333.33, 'TIRAGE DE PLAN SUR PAPIER'),
(486, 111, 32.9, 30, 'ml TRACAGE SUR PAPIER NOIR'),
(487, 111, 29, 10, 'ml Photocopie de plan sur papier'),
(488, 111, 31.61, 50, 'ml TRACAGE SUR PAPIER COULEUR'),
(489, 111, 4.45, 50, 'ml Tracage sur calque'),
(490, 111, 1, 100, 'SCAN A0 COULEUR'),
(503, 108, 160.44, 37.5, 'Calque stable'),
(504, 108, 836.64, 7.5, 'Photocopie de plan sur papier N/B'),
(509, 113, 55.4, 37.5, 'Calque stable'),
(510, 113, 830.73, 7.5, 'Photocopie de plan sur papier N/B'),
(511, 113, 5.88, 40, 'Tracage de plan sur papier couleur'),
(512, 113, 44.5, 10, 'Tracage de plan sur papier N/B'),
(519, 114, 3.59, 200, 'ml Impression sur papier photo'),
(520, 114, 526.39, 10, 'ml Photocopie de plan sur papier'),
(521, 114, 86.14, 30, 'ml TRACAGE SUR PAPIER'),
(522, 115, 1, 6800, 'TIRAGE DE PLANS SUR PAPIER NOIR'),
(523, 116, 17.61, 20, 'TIRAGE DE PLAN SUR PAPIER'),
(524, 116, 117.55, 10, 'Photocopie de plan sur papier '),
(525, 117, 81.8, 12, 'ml Photocopie de plan sur papier '),
(526, 117, 1, 70, 'SCAN A0 COULEUR'),
(527, 117, 47.6, 70, 'ml Tracage de plan sur papier couleur'),
(528, 117, 26.97, 30, 'ml Tracage de plan sur papier N/B'),
(529, 117, 9.1, 30, 'Repport Tracage de plan sur papier N/B'),
(530, 118, 1.2, 166.5, 'ml Tirage de plan sur papier photo'),
(531, 118, 4.65, 25, 'ml Tirage de plan sur papier N/B'),
(532, 118, 16.9, 8.5, 'ml Photocopie de plan sur papier N/B'),
(533, 118, 20, 4, 'A4 COULEUR'),
(534, 118, 2, 8, 'Spirale'),
(545, 119, 23.29, 30, 'Trace N/B'),
(546, 119, 1.2, 70, 'Trace couleur'),
(547, 119, 37.88, 10, 'pc'),
(548, 119, 11, 10, 'A3 Couleur photo'),
(549, 119, 2, 10, 'Spirale'),
(550, 120, 1, 660, 'TIRAGE DE PLAN SUR PAPIER');
